﻿Ticker,Company,Sector
AMC,AMC ENTERTAINMENT HOLDINGS INC CLA,Communication
OVV,OVINTIV INC,Energy
NTLA,INTELLIA THERAPEUTICS INC,Health Care
LSCC,LATTICE SEMICONDUCTOR CORP,Information Technology
TTEK,TETRA TECH INC,Industrials
ASAN,ASANA INC CLASS A,Information Technology
CROX,CROCS INC,Consumer Discretionary
SGMS,SCIENTIFIC GAMES CORP,Consumer Discretionary
BJ,BJS WHOLESALE CLUB HOLDINGS INC,Consumer Staples
APPS,DIGITAL TURBINE INC,Information Technology
CAR,AVIS BUDGET GROUP INC,Industrials
BHVN,BIOHAVEN PHARMACEUTICAL HOLDING CO,Health Care
PFGC,PERFORMANCE FOOD GROUP,Consumer Staples
EGP,EASTGROUP PROPERTIES REIT INC,Real Estate
GTLS,CHART INDUSTRIES INC,Industrials
STAG,STAG INDUSTRIAL REIT INC,Real Estate
OMCL,OMNICELL INC,Health Care
SWAV,SHOCKWAVE MEDICAL INC,Health Care
SAIA,SAIA INC,Industrials
UPWK,UPWORK INC,Industrials
WSC,WILLSCOT MOBILE MINI HOLDINGS CORP,Industrials
THC,TENET HEALTHCARE CORP,Health Care
M,MACYS INC,Consumer Discretionary
RPD,RAPID7 INC,Information Technology
INSP,INSPIRE MEDICAL SYSTEMS INC,Health Care
TXRH,TEXAS ROADHOUSE INC,Consumer Discretionary
BL,BLACKLINE INC,Information Technology
ARWR,ARROWHEAD PHARMACEUTICALS INC,Health Care
VRNS,VARONIS SYSTEMS INC,Information Technology
FOXF,FOX FACTORY HOLDING CORP,Consumer Discretionary
ASGN,ASGN INC,Industrials
EME,EMCOR GROUP INC,Industrials
SLAB,SILICON LABORATORIES INC,Information Technology
CHK,CHESAPEAKE ENERGY CORP,Energy
FFIN,FIRST FINANCIAL BANKSHARES INC,Financials
SYNA,SYNAPTICS INC,Information Technology
ROLL,RBC BEARINGS INC,Industrials
GBCI,GLACIER BANCORP INC,Financials
POWI,POWER INTEGRATIONS INC,Information Technology
KBR,KBR INC,Industrials
WK,WORKIVA INC CLASS A,Information Technology
EXPO,EXPONENT INC,Industrials
SPSC,SPS COMMERCE INC,Information Technology
AMN,AMN HEALTHCARE INC,Health Care
BPMC,BLUEPRINT MEDICINES CORP,Health Care
IIVI,II VI INC,Information Technology
NOVT,NOVANTA INC,Information Technology
XTSLA,BLK CSH FND TREASURY SL AGENCY,Cash and/or Derivatives
AR,ANTERO RESOURCES CORP,Energy
MSTR,MICROSTRATEGY INC CLASS A,Information Technology
IIPR,INNOVATIVE INDUSTRIAL PROPERTIES I,Real Estate
RRC,RANGE RESOURCES CORP,Energy
VLY,VALLEY NATIONAL,Financials
SSB,SOUTHSTATE CORP,Financials
STAA,STAAR SURGICAL,Health Care
AMBA,AMBARELLA INC,Information Technology
WCC,WESCO INTERNATIONAL INC,Industrials
NVTA,INVITAE CORP,Health Care
HELE,HELEN OF TROY LTD,Consumer Discretionary
MEDP,MEDPACE HOLDINGS INC,Health Care
HQY,HEALTHEQUITY INC,Health Care
ESNT,ESSENT GROUP LTD,Financials
CELH,CELSIUS HOLDINGS INC,Consumer Staples
GT,GOODYEAR TIRE & RUBBER,Consumer Discretionary
CIT,CIT GROUP INC,Financials
HALO,HALOZYME THERAPEUTICS INC,Health Care
SPT,SPROUT SOCIAL INC CLASS A,Information Technology
MMS,MAXIMUS INC,Information Technology
CHX,CHAMPIONX CORP,Energy
ALKS,ALKERMES,Health Care
HLI,HOULIHAN LOKEY INC CLASS A,Financials
BBIO,BRIDGEBIO PHARMA INC,Health Care
RDFN,REDFIN CORP,Real Estate
PDCE,PDC ENERGY INC,Energy
ZD,ZIFF DAVIS INC,Communication
BCPC,BALCHEM CORP,Materials
WING,WINGSTOP INC,Consumer Discretionary
SMTC,SEMTECH CORP,Information Technology
TWST,TWIST BIOSCIENCE CORP,Health Care
SSD,SIMPSON MANUFACTURING INC,Industrials
FATE,FATE THERAPEUTICS INC,Health Care
BXMT,BLACKSTONE MORTGAGE TRUST REIT CLA,Financials
PACB,PACIFIC BIOSCIENCES OF CALIFORNIA,Health Care
MTDR,MATADOR RESOURCES,Energy
HR,HEALTHCARE REALTY TRUST REIT INC,Real Estate
WTS,WATTS WATER TECHNOLOGIES INC CLASS,Industrials
ADC,AGREE REALTY REIT CORP,Real Estate
RHP,RYMAN HOSPITALITY PROPERTIES REIT,Real Estate
SIGI,SELECTIVE INSURANCE GROUP INC,Financials
NEO,NEOGENOMICS INC,Health Care
JBT,JOHN BEAN TECHNOLOGIES CORP,Industrials
EYE,NATIONAL VISION HOLDINGS INC,Consumer Discretionary
TRNO,TERRENO REALTY REIT CORP,Real Estate
NSA,NATIONAL STORAGE AFFILIATES TRUST,Real Estate
UBSI,UNITED BANKSHARES INC,Financials
IRDM,IRIDIUM COMMUNICATIONS INC,Communication
ETRN,EQUITRANS MIDSTREAM CORP,Energy
TENB,TENABLE HOLDINGS INC,Information Technology
RDN,RADIAN GROUP INC,Financials
HRI,HERC HOLDINGS INC,Industrials
UMBF,UMB FINANCIAL CORP,Financials
NEOG,NEOGEN CORP,Health Care
POR,PORTLAND GENERAL ELECTRIC,Utilities
AVNT,AVIENT CORP,Materials
UFPI,UFP INDUSTRIES INC,Industrials
BEAM,BEAM THERAPEUTICS INC,Health Care
LIVN,LIVANOVA PLC,Health Care
TGNA,TEGNA INC,Communication
AQUA,EVOQUA WATER TECHNOLOGIES CORP,Industrials
ZWS,ZURN WATER SOLUTIONS CORP,Industrials
NSP,INSPERITY INC,Industrials
MUR,MURPHY OIL CORP,Energy
HASI,HANNON ARMSTRONG SUSTAINABLE INFRA,Financials
PNM,PNM RESOURCES INC,Utilities
SIG,SIGNET JEWELERS LTD,Consumer Discretionary
DOCN,DIGITALOCEAN HOLDINGS INC,Information Technology
HWC,HANCOCK WHITNEY CORP,Financials
ADNT,ADIENT PLC,Consumer Discretionary
LHCG,LHC GROUP INC,Health Care
MC,MOELIS CLASS A,Financials
HGV,HILTON GRAND VACATIONS INC,Consumer Discretionary
PZZA,PAPA JOHNS INTERNATIONAL INC,Consumer Discretionary
TGTX,TG THERAPEUTICS INC,Health Care
ENV,ENVESTNET INC,Information Technology
KFY,KORN FERRY,Industrials
LTHM,LIVENT CORP,Materials
DNLI,DENALI THERAPEUTICS INC,Health Care
ABG,ASBURY AUTOMOTIVE GROUP INC,Consumer Discretionary
EXLS,EXLSERVICE HOLDINGS INC,Information Technology
SAIL,SAILPOINT TECHNOLOGIES HOLDINGS IN,Information Technology
QTWO,Q2 HOLDINGS INC,Information Technology
RLI,RLI CORP,Financials
TNET,TRINET GROUP INCINARY,Industrials
PRFT,PERFICIENT INC,Information Technology
ATKR,ATKORE INC,Industrials
BKH,BLACK HILLS CORP,Utilities
APG,API GROUP CORP,Industrials
NVRO,NEVRO CORP,Health Care
CNMD,CONMED CORP,Health Care
LXP,LEXINGTON REALTY TRUST REIT,Real Estate
BNL,BROADSTONE NET LEASE INC,Real Estate
DOC,PHYSICIANS REALTY TRUST REIT,Real Estate
MUSA,MURPHY USA INC,Consumer Discretionary
CMC,COMMERCIAL METALS,Materials
MARA,MARATHON DIGITAL HOLDINGS INC,Information Technology
SI,SILVERGATE CAPITAL CLASS A CORP,Financials
MATX,MATSON INC,Industrials
CWST,CASELLA WASTE SYSTEMS INC CLASS A,Industrials
SAFM,SANDERSON FARMS INC,Consumer Staples
MIME,MIMECAST LTD,Information Technology
SXT,SENSIENT TECHNOLOGIES CORP,Materials
ARNA,ARENA PHARMACEUTICALS INC,Health Care
ENSG,ENSIGN GROUP INC,Health Care
OUT,OUTFRONT MEDIA INC,Real Estate
SWX,SOUTHWEST GAS HOLDINGS INC,Utilities
QLYS,QUALYS INC,Information Technology
SUM,SUMMIT MATERIALS INC CLASS A,Materials
VG,VONAGE HOLDINGS CORP,Information Technology
SONO,SONOS INC,Consumer Discretionary
LPSN,LIVEPERSON INC,Information Technology
FELE,FRANKLIN ELECTRIC INC,Industrials
SFBS,SERVISFIRST BANCSHARES INC,Financials
PPBI,PACIFIC PREMIER BANCORP INC,Financials
AEO,AMERICAN EAGLE OUTFITTERS INC,Consumer Discretionary
MGNI,MAGNITE INC,Communication
DIOD,DIODES INC,Information Technology
FN,FABRINET,Information Technology
BKU,BANKUNITED INC,Financials
MTH,MERITAGE CORP,Consumer Discretionary
MMSI,MERIT MEDICAL SYSTEMS INC,Health Care
ALRM,ALARM.COM HOLDINGS INC,Information Technology
MAC,MACERICH REIT,Real Estate
WD,WALKER & DUNLOP INC,Financials
AIT,APPLIED INDUSTRIAL TECHNOLOGIES IN,Industrials
ALLK,ALLAKOS INC,Health Care
HOMB,HOME BANCSHARES INC,Financials
PGNY,PROGYNY INC,Health Care
OPCH,OPTION CARE HEALTH INC,Health Care
NJR,NEW JERSEY RESOURCES CORP,Utilities
ARVN,ARVINAS INC,Health Care
CBU,COMMUNITY BANK SYSTEM INC,Financials
BOX,BOX INC CLASS A,Information Technology
SEM,SELECT MEDICAL HOLDINGS CORP,Health Care
CIM,CHIMERA INVESTMENT CORP,Financials
CSOD,CORNERSTONE ONDEMAND INC,Information Technology
OGS,ONE GAS INC,Utilities
EBC,EASTERN BANKSHARES INC,Financials
ABCB,AMERIS BANCORP,Financials
ISBC,INVESTORS BANCORP INC,Financials
DAN,DANA INCORPORATED INC,Consumer Discretionary
DEN,DENBURY INC,Energy
TRTN,TRITON INTERNATIONAL LTD,Industrials
APPN,APPIAN CORP CLASS A,Information Technology
PCH,POTLATCHDELTIC CORP,Real Estate
KOD,KODIAK SCIENCES INC,Health Care
SM,SM ENERGY,Energy
RCII,RENT-A-CENTER INC,Consumer Discretionary
ACIW,ACI WORLDWIDE INC,Information Technology
BLKB,BLACKBAUD INC,Information Technology
AIMC,ALTRA INDUSTRIAL MOTION CORP,Industrials
KNSL,KINSALE CAPITAL GROUP INC,Financials
RRR,RED ROCK RESORTS ORS CLASS A INC,Consumer Discretionary
CCMP,CMC MATERIALS INC,Information Technology
LPRO,OPEN LENDING CORP CLASS A,Financials
FOCS,FOCUS FINANCIAL PARTNERS INC CLASS,Financials
APLE,APPLE HOSPITALITY REIT INC,Real Estate
ONTO,ONTO INNOVATION INC,Information Technology
ROG,ROGERS CORP,Information Technology
VIAV,VIAVI SOLUTIONS INC,Information Technology
SHOO,STEVEN MADDEN LTD,Consumer Discretionary
FCFS,FIRSTCASH INC,Financials
HAE,HAEMONETICS CORP,Health Care
LCII,LCI INDUSTRIES,Consumer Discretionary
ARNC,ARCONIC CORP,Materials
PSB,PS BUSINESS PARKS REIT INC,Real Estate
REZI,RESIDEO TECHNOLOGIES INC,Industrials
FUBO,FUBOTV INC,Communication
CRC,CALIFORNIA RESOURCES CORP,Energy
SWN,SOUTHWESTERN ENERGY,Energy
RAMP,LIVERAMP HOLDINGS INC,Information Technology
CVLT,COMMVAULT SYSTEMS INC,Information Technology
INSM,INSMED INC,Health Care
EPRT,ESSENTIAL PROPERTIES REALTY TRUST,Real Estate
ASB,ASSOCIATED BANCORP,Financials
CNO,CNO FINANCIAL GROUP INC,Financials
FUL,HB FULLER,Materials
NAVI,NAVIENT CORP,Financials
HI,HILLENBRAND INC,Industrials
CDNA,CAREDX INC,Health Care
CRNC,CERENCE INC,Information Technology
ITRI,ITRON INC,Information Technology
MXL,MAXLINEAR INC,Information Technology
UNF,UNIFIRST CORP,Industrials
AWR,AMERICAN STATES WATER,Utilities
OSTK,OVERSTOCK COM INC,Consumer Discretionary
GPI,GROUP AUTOMOTIVE INC,Consumer Discretionary
SBRA,SABRA HEALTH CARE REIT INC,Real Estate
NOVA,SUNNOVA ENERGY INTERNATIONAL INC,Utilities
AEIS,ADVANCED ENERGY INDUSTRIES INC,Information Technology
LANC,LANCASTER COLONY CORP,Consumer Staples
SR,SPIRE INC,Utilities
ALTR,ALTAIR ENGINEERING INC CLASS A,Information Technology
HP,HELMERICH & PAYNE INC,Energy
CBRL,CRACKER BARREL OLD COUNTRY STORE I,Consumer Discretionary
ENS,ENERSYS,Industrials
DBRG,DIGITALBRIDGE GROUP INC CLASS A,Real Estate
AJRD,AEROJET ROCKETDYNE HOLDINGS INC,Industrials
GATX,GATX CORP,Industrials
TRUP,TRUPANION INC,Financials
PD,PAGERDUTY INC,Information Technology
KBH,KB HOME,Consumer Discretionary
DDD,3D SYSTEMS CORP,Information Technology
TMHC,TAYLOR MORRISON HOME CORP,Consumer Discretionary
CARG,CARGURUS INC CLASS A,Communication
ALE,ALLETE INC,Utilities
ATRC,ATRICURE INC,Health Care
OFC,CORPORATE OFFICE PROPERTIES TRUST,Real Estate
SKY,SKYLINE CHAMPION CORP,Consumer Discretionary
BIPC,BROOKFIELD INFRASTRUCTURE CORP CLA,Utilities
NSIT,INSIGHT ENTERPRISES INC,Information Technology
ELY,CALLAWAY GOLF,Consumer Discretionary
CATY,CATHAY GENERAL BANCORP,Financials
WDFC,WD-40,Consumer Staples
CWT,CALIFORNIA WATER SERVICE GROUP,Utilities
KWR,QUAKER CHEMICAL CORP,Materials
CALX,CALIX NETWORKS INC,Information Technology
CCOI,COGENT COMMUNICATIONS HOLDINGS INC,Communication
EQC,EQUITY COMMONWEALTH REIT,Real Estate
AX,AXOS FINANCIAL INC,Financials
ORA,ORMAT TECH INC,Utilities
FOLD,AMICUS THERAPEUTICS INC,Health Care
TCBI,TEXAS CAPITAL BANCSHARES INC,Financials
SFNC,SIMMONS FIRST NATIONAL CORP CLASS,Financials
MNTV,MOMENTIVE GLOBAL INC,Information Technology
WBT,WELBILT INC,Industrials
ASO,ACADEMY SPORTS AND OUTDOORS INC,Consumer Discretionary
INOV,INOVALON HOLDINGS INC CLASS A,Health Care
MTSI,MACOM TECHNOLOGY SOLUTIONS INC,Information Technology
ABM,ABM INDUSTRIES INC,Industrials
LC,LENDINGCLUB CORP,Financials
KLIC,KULICKE AND SOFFA INDUSTRIES INC,Information Technology
LGIH,LGI HOMES INC,Consumer Discretionary
FHI,FEDERATED HERMES INC CLASS B,Financials
SEAS,SEAWORLD ENTERTAINMENT INC,Consumer Discretionary
ESGR,ENSTAR GROUP LTD,Financials
NWE,NORTHWESTERN CORP,Utilities
SMPL,THE SIMPLY GOOD FOODS COMPANY,Consumer Staples
BXS,BANCORPSOUTH,Financials
BCO,BRINKS,Industrials
GSHD,GOOSEHEAD INSURANCE INC CLASS A,Financials
FLOW,SPX FLOW INC,Industrials
VICR,VICOR CORP,Industrials
PHR,PHREESIA INC,Health Care
VRNT,VERINT SYSTEMS INC,Information Technology
ALGT,ALLEGIANT TRAVEL,Industrials
HLNE,HAMILTON LANE INC CLASS A,Financials
PEB,PEBBLEBROOK HOTEL TRUST REIT,Real Estate
NGVT,INGEVITY CORP,Materials
RPAI,RETAIL PROPERTIES OF AMERICA REIT,Real Estate
NUVA,NUVASIVE INC,Health Care
BMI,BADGER METER INC,Information Technology
KMT,KENNAMETAL INC,Industrials
COOP,MR COOPER GROUP INC,Financials
CBT,CABOT CORP,Materials
VCYT,VERACYTE INC,Health Care
PRG,PROG HOLDINGS INC,Financials
CYTK,CYTOKINETICS INC,Health Care
AXNX,AXONICS INC,Health Care
IGT,INTERNATIONAL GAME TECHNOLOGY PLC,Consumer Discretionary
AUB,ATLANTIC UNION BANKSHARES CORP,Financials
ITGR,INTEGER HOLDINGS CORP,Health Care
BE,BLOOM ENERGY CLASS A CORP,Industrials
THRM,GENTHERM INC,Consumer Discretionary
SITC,SITE CENTERS CORP,Real Estate
CNX,CNX RESOURCES CORP,Energy
PBH,PRESTIGE CONSUMER HEALTHCARE INC,Health Care
VC,VISTEON CORP,Consumer Discretionary
ZNTL,ZENTALIS PHARMACEUTICALS INC,Health Care
TROX,TRONOX HOLDINGS PLC,Materials
SHAK,SHAKE SHACK INC CLASS A,Consumer Discretionary
AAON,AAON INC,Industrials
PDCO,PATTERSON COMPANIES INC,Health Care
EVTC,EVERTEC INC,Information Technology
FIX,COMFORT SYSTEMS USA INC,Industrials
NARI,INARI MEDICAL INC,Health Care
UFS,DOMTAR CORP,Materials
MGY,MAGNOLIA OIL GAS CORP CLASS A,Energy
FORM,FORMFACTOR INC,Information Technology
BOOT,BOOT BARN HOLDINGS INC,Consumer Discretionary
IBTX,INDEPENDENT BANK GROUP INC,Financials
MLHR,HERMAN MILLER INC,Industrials
RETA,REATA PHARMACEUTICALS INC CLASS A,Health Care
CWEN,CLEARWAY ENERGY INC CLASS C,Utilities
PIPR,PIPER SANDLER COMPANIES,Financials
CYRX,CRYOPORT INC,Health Care
MDC,MDC HOLDINGS INC,Consumer Discretionary
SSTK,SHUTTERSTOCK INC,Consumer Discretionary
TEX,TEREX CORP,Industrials
EXPI,EXP WORLD HOLDINGS INC,Real Estate
KTOS,KRATOS DEFENSE AND SECURITY SOLUTI,Industrials
RCM,R1 RCM INC,Health Care
SITM,SITIME CORP,Information Technology
YELP,YELP INC,Communication
MGEE,MGE ENERGY INC,Utilities
APAM,ARTISAN PARTNERS ASSET MANAGEMENT,Financials
FBC,FLAGSTAR BANCORP INC,Financials
SHO,SUNSTONE HOTEL INVESTORS REIT INC,Real Estate
BECN,BEACON ROOFING SUPPLY INC,Industrials
HL,HECLA MINING,Materials
HLIO,HELIOS TECHNOLOGIES INC,Industrials
AMEH,APOLLO MEDICAL HOLDINGS INC,Health Care
AGIO,AGIOS PHARMACEUTICALS INC,Health Care
CADE,CADENCE BANCORPORATION CLASS A,Financials
ONB,OLD NATIONAL BANCORP,Financials
BDC,BELDEN INC,Information Technology
KW,KENNEDY WILSON HOLDINGS INC,Real Estate
WERN,WERNER ENTERPRISES INC,Industrials
ITCI,INTRA CELLULAR THERAPIES INC,Health Care
DORM,DORMAN PRODUCTS INC,Consumer Discretionary
DOOR,MASONITE INTERNATIONAL CORP,Industrials
CDLX,CARDLYTICS INC,Communication
AEL,AMERICAN EQUITY INVESTMENT LIFE HO,Financials
BCRX,BIOCRYST PHARMACEUTICALS INC,Health Care
FBP,FIRST BANCORP,Financials
FULT,FULTON FINANCIAL CORP,Financials
CVBF,CVB FINANCIAL CORP,Financials
KRTX,KARUNA THERAPEUTICS INC,Health Care
ENR,ENERGIZER HOLDINGS INC,Consumer Staples
SFM,SPROUTS FARMERS MARKET INC,Consumer Staples
ABR,ARBOR REALTY TRUST REIT INC,Financials
AVA,AVISTA CORP,Utilities
UNFI,UNITED NATURAL FOODS INC,Consumer Staples
SKYW,SKYWEST INC,Industrials
EGHT,8X8 INC - COM,Information Technology
EVH,EVOLENT HEALTH INC CLASS A,Health Care
PLXS,PLEXUS CORP,Information Technology
COLB,COLUMBIA BANKING SYSTEM INC,Financials
CNNE,CANNAE HOLDINGS INC,Financials
SCL,STEPAN,Materials
IBP,INSTALLED BUILDING PRODUCTS INC,Consumer Discretionary
EDIT,EDITAS MEDICINE INC,Health Care
NKLA,NIKOLA,Industrials
INDB,INDEPENDENT BANK CORP,Financials
TPH,TRI POINTE HOMES INC,Consumer Discretionary
CWK,CUSHMAN AND WAKEFIELD PLC,Real Estate
PTCT,PTC THERAPEUTICS INC,Health Care
SAVE,SPIRIT AIRLINES INC,Industrials
VSH,VISHAY INTERTECHNOLOGY INC,Information Technology
TBK,TRIUMPH BANCORP INC,Financials
ARRY,ARRAY TECHNOLOGIES INC,Industrials
SPXC,SPX CORP,Industrials
KTB,KONTOOR BRANDS INC,Consumer Discretionary
PRMW,PRIMO WATER CORP,Consumer Staples
HSKA,HESKA CORP,Health Care
SANM,SANMINA CORP,Information Technology
IHRT,IHEARTMEDIA INC CLASS A,Communication
EBS,EMERGENT BIOSOLUTIONS INC,Health Care
ACA,ARCOSA INC,Industrials
AVIR,ATEA PHARMACEUTICALS INC,Health Care
AIN,ALBANY INTERNATIONAL CORP CLASS A,Industrials
FSS,FEDERAL SIGNAL CORP,Industrials
RLJ,RLJ LODGING TRUST REIT,Real Estate
WSFS,WSFS FINANCIAL CORP,Financials
VIR,VIR BIOTECHNOLOGY INC,Health Care
MYGN,MYRIAD GENETICS INC,Health Care
WWW,WOLVERINE WORLD WIDE INC,Consumer Discretionary
WLL,WHITING PETROLEUM CORP,Energy
WGO,WINNEBAGO INDUSTRIES INC,Consumer Discretionary
GDOT,GREEN DOT CORP CLASS A,Financials
UCBI,UNITED COMMUNITY BANKS INC,Financials
CVA,COVANTA HOLDING CORP,Industrials
BIGC,BIGCOMMERCE HOLDINGS INC SERIES,Information Technology
MWA,MUELLER WATER PRODUCTS INC SERIES,Industrials
HUBG,HUB GROUP INC CLASS A,Industrials
VSTO,VISTA OUTDOOR INC,Consumer Discretionary
BRC,BRADY NONVOTING CORP CLASS A,Industrials
MLI,MUELLER INDUSTRIES INC,Industrials
WAFD,WASHINGTON FEDERAL INC,Financials
ANF,ABERCROMBIE AND FITCH CLASS A,Consumer Discretionary
BDN,BRANDYWINE REALTY TRUST REIT,Real Estate
WSBC,WESBANCO INC,Financials
RMBS,RAMBUS INC,Information Technology
REGI,RENEWABLE ENERGY INC,Energy
ROCK,GIBRALTAR INDUSTRIES INC,Industrials
MTX,MINERALS TECHNOLOGIES INC,Materials
OTTR,OTTER TAIL CORP,Utilities
TWNK,HOSTESS BRANDS INC CLASS A,Consumer Staples
TWOU,2U INC,Consumer Discretionary
CLDX,CELLDEX THERAPEUTICS INC,Health Care
ONEM,1LIFE HEALTHCARE INC,Health Care
CMP,COMPASS MINERALS INTERNATIONAL INC,Materials
NHI,NATIONAL HEALTH INVESTORS REIT INC,Real Estate
HCAT,HEALTH CATALYST INC,Health Care
FLR,FLUOR CORP,Industrials
RVLV,REVOLVE GROUP CLASS A INC,Consumer Discretionary
DOMO,DOMO INC CLASS B,Information Technology
APPF,APPFOLIO INC CLASS A,Information Technology
SJI,S JERSEY INDS INC,Utilities
MP,MP MATERIALS CORP CLASS A,Materials
MDP,MEREDITH CORP,Communication
SDGR,SCHRODINGER INC,Health Care
CSTM,CONSTELLIUM SE CLASS A,Materials
KAI,KADANT INC,Industrials
FRME,FIRST MERCHANTS CORP,Financials
OMI,OWENS & MINOR INC,Health Care
FSR,FISKER INC CLASS A,Consumer Discretionary
UNIT,UNITI GROUP INC,Real Estate
OI,O I GLASS INC,Materials
MOGA,MOOG INC CLASS A,Industrials
PRTA,PROTHENA PLC,Health Care
WHD,CACTUS INC CLASS A,Energy
PDM,PIEDMONT OFFICE REALTY TRUST REIT,Real Estate
AMKR,AMKOR TECHNOLOGY INC,Information Technology
AAWW,ATLAS AIR WORLDWIDE HOLDINGS INC,Industrials
GHC,GRAHAM HOLDINGS COMPANY CLASS B,Consumer Discretionary
FWRD,FORWARD AIR CORP,Industrials
MGLN,MAGELLAN HEALTH INC,Health Care
BCC,BOISE CASCADE,Industrials
TRN,TRINITY INDUSTRIES INC,Industrials
IBOC,INTERNATIONAL BANCSHARES CORP,Financials
IRBT,IROBOT CORP,Consumer Discretionary
JWA,JOHN WILEY AND SONS INC CLASS A,Communication
PCRX,PACIRA BIOSCIENCES INC,Health Care
EAT,BRINKER INTERNATIONAL INC,Consumer Discretionary
OM,OUTSET MEDICAL INC,Health Care
JJSF,J AND J SNACK FOODS CORP,Consumer Staples
FCEL,FUELCELL ENERGY INC,Industrials
VCEL,VERICEL CORP,Health Care
SKIN,BEAUTY HEALTH COMPANY CLASS A CLAS,Consumer Staples
CPE,CALLON PETROLEUM,Energy
SASR,SANDY SPRING BANCORP INC,Financials
IRT,INDEPENDENCE REALTY INC TRUST,Real Estate
ARCB,ARCBEST CORP,Industrials
MED,MEDIFAST INC,Consumer Staples
CXP,COLUMBIA PROPERTY REIT INC TRUST,Real Estate
MANT,MANTECH INTERNATIONAL CORP CLASS A,Industrials
SPWR,SUNPOWER CORP,Information Technology
APLS,APELLIS PHARMACEUTICALS INC,Health Care
OCDX,ORTHO CLINICAL DIAGNOSTICS HOLDING,Health Care
WRE,WASHINGTON REAL ESTATE INVESTMENT,Real Estate
HTH,HILLTOP HOLDINGS INC,Financials
TSE,TRINSEO SA,Materials
RLGY,REALOGY HOLDINGS CORP,Real Estate
VRTS,VIRTUS INVESTMENT PARTNERS INC,Financials
ROIC,RETAIL OPPORTUNITY INVESTMENTS REI,Real Estate
TOWN,TOWNEBANK,Financials
CVCO,CAVCO INDUSTRIES INC,Consumer Discretionary
PFSI,PENNYMAC FINANCIAL SERVICES INC,Financials
RIOT,RIOT BLOCKCHAIN INC,Information Technology
NMRK,NEWMARK GROUP INC CLASS A,Real Estate
CNK,CINEMARK HOLDINGS INC,Communication
FFBC,FIRST FINANCIAL BANCORP,Financials
PRGS,PROGRESS SOFTWARE CORP,Information Technology
XNCR,XENCOR INC,Health Care
ARI,APOLLO COMMERCIAL REAL ESTATE FINA,Financials
EAF,GRAFTECH INTERNATIONAL LTD,Industrials
LOB,LIVE OAK BANCSHARES INC,Financials
FCPT,FOUR CORNERS PROPERTY INC TRUST,Real Estate
EVRI,EVERI HOLDINGS INC,Consumer Discretionary
GKOS,GLAUKOS CORP,Health Care
UE,URBAN EDGE PROPERTIES,Real Estate
TPTX,TURNING POINT THERAPEUTICS INC,Health Care
BLMN,BLOOMIN BRANDS INC,Consumer Discretionary
ACAD,ACADIA PHARMACEUTICALS INC,Health Care
CPK,CHESAPEAKE UTILITIES CORP,Utilities
TTGT,TECHTARGET INC,Communication
FMBI,FIRST MIDWEST BANCORP INC,Financials
CNS,COHEN & STEERS INC,Financials
INT,WORLD FUEL SERVICES CORP,Energy
SNBR,SLEEP NUMBER CORP,Consumer Discretionary
CAKE,CHEESECAKE FACTORY INC,Consumer Discretionary
JELD,JELD WEN HOLDING INC,Industrials
AMRS,AMYRIS INC,Materials
JACK,JACK IN THE BOX INC,Consumer Discretionary
ATI,ALLEGHENY TECHNOLOGIES INC,Materials
MODV,MODIVCARE INC,Health Care
TWO,TWO HARBORS INVESTMENT REIT CORP,Financials
WIRE,ENCORE WIRE CORP,Industrials
IOSP,INNOSPEC INC,Materials
IDCC,INTERDIGITAL INC,Information Technology
ESE,ESCO TECHNOLOGIES INC,Industrials
GNW,GENWORTH FINANCIAL A INC,Financials
THS,TREEHOUSE FOODS INC,Consumer Staples
RAVN,RAVEN INDUSTRIES INC,Industrials
MFA,MFA FINANCIAL REIT INC,Financials
MAXR,MAXAR TECHNOLOGIES INC,Industrials
ODP,ODP CORP,Consumer Discretionary
DY,DYCOM INDUSTRIES INC,Industrials
URBN,URBAN OUTFITTERS INC,Consumer Discretionary
CORT,CORCEPT THERAPEUTICS INC,Health Care
B,BARNES GROUP INC,Industrials
RNST,RENASANT CORP,Financials
RUSHA,RUSH ENTERPRISES INC CLASS A,Industrials
NMIH,NMI HOLDINGS INC CLASS A,Financials
HTLF,HEARTLAND FINANCIAL USA INC,Financials
XHR,XENIA HOTELS RESORTS REIT INC,Real Estate
MD,MEDNAX INC,Health Care
OAS,OASIS PETROLEUM INC,Energy
IRTC,IRHYTHM TECHNOLOGIES INC,Health Care
PJT,PJT PARTNERS INC CLASS A,Financials
NUS,NU SKIN ENTERPRISES INC CLASS A,Consumer Staples
ZUO,ZUORA INC CLASS A,Information Technology
PMT,PENNYMAC MORTGAGE INVESTMENT TRUST,Financials
IRWD,IRONWOOD PHARMA INC CLASS A,Health Care
SFIX,STITCH FIX INC CLASS A,Consumer Discretionary
SAVA,CASSAVA SCIENCES INC,Health Care
GTN,GRAY TELEVISION INC,Communication
AVAV,AEROVIRONMENT INC,Industrials
TRMK,TRUSTMARK CORP,Financials
BFLY,BUTTERFLY NETWORK INC CLASS A,Health Care
CSWI,CSW INDUSTRIALS INC,Industrials
VRRM,VERRA MOBILITY CORP CLASS A,Information Technology
AAT,AMERICAN ASSETS TRUST REIT INC,Real Estate
VGR,VECTOR GROUP LTD,Consumer Staples
NSTG,NANOSTRING TECHNOLOGIES INC,Health Care
PATK,PATRICK INDUSTRIES INC,Consumer Discretionary
DVAX,DYNAVAX TECHNOLOGIES CORP,Health Care
CCXI,CHEMOCENTRYX INC,Health Care
PRAA,PRA GROUP INC,Financials
TDS,TELEPHONE AND DATA SYSTEMS INC,Communication
XPER,XPERI HOLDING CORP,Information Technology
LGND,LIGAND PHARMACEUTICALS INC,Health Care
LILAK,LIBERTY LATIN AMERICA LTD CLASS C,Communication
PLMR,PALOMAR HOLDINGS INC,Financials
CTRE,CARETRUST REIT INC,Real Estate
AKR,ACADIA REALTY TRUST REIT,Real Estate
ACCD,ACCOLADE INC,Health Care
CVET,COVETRUS INC,Health Care
RPAY,REPAY HOLDINGS CORP CLASS A,Information Technology
GMS,GMS INC,Industrials
EPC,EDGEWELL PERSONAL CARE,Consumer Staples
SVC,SERVICE PROPERTIES TRUST,Real Estate
BGS,B AND G FOODS INC,Consumer Staples
DRH,DIAMONDROCK HOSPITALITY REIT,Real Estate
SBCF,SEACOAST BANKING OF FLORIDA,Financials
MNRO,MONRO INC,Consumer Discretionary
VBTX,VERITEX HOLDINGS INC,Financials
COKE,COCA COLA CONSOLIDATED INC,Consumer Staples
NTCT,NETSCOUT SYSTEMS INC,Information Technology
SILK,SILK ROAD MEDICAL INC,Health Care
SJW,SJW GROUP,Utilities
UCTT,ULTRA CLEAN HOLDINGS INC,Information Technology
GBT,GLOBAL BLOOD THERAPEUTICS INC,Health Care
PRLB,PROTO LABS INC,Industrials
KRG,KITE REALTY GROUP TRUST REIT,Real Estate
CDXS,CODEXIS INC,Health Care
NTB,BANK OF NT BUTTERFIELD & SON LTD,Financials
CASH,META FINANCIAL GROUP INC,Financials
GEF,GREIF INC CLASS A,Materials
PSMT,PRICESMART INC,Consumer Staples
CCS,CENTURY COMMUNITIES INC,Consumer Discretionary
BGCP,BGC PARTNERS INC CLASS A,Financials
AMRC,AMERESCO INC CLASS A,Industrials
PRK,PARK NATIONAL CORP,Financials
ETWO,E2OPEN PARENT HOLDINGS INC CLASS A,Information Technology
MNR,MONMOUTH REAL ESTATE INVESTMENT RE,Real Estate
GVA,GRANITE CONSTRUCTION INC,Industrials
KYMR,KYMERA THERAPEUTICS INC,Health Care
WOR,WORTHINGTON INDUSTRIES INC,Materials
MGRC,MCGRATH RENT,Industrials
SRNE,SORRENTO THERAPEUTICS INC,Health Care
KAR,KAR AUCTION SERVICES INC,Industrials
GWB,GREAT WESTERN BANCORP INC,Financials
BAND,BANDWIDTH INC CLASS A,Communication
NPO,ENPRO INDUSTRIES INC,Industrials
PFS,PROVIDENT FINANCIAL SERVICES INC,Financials
MSGE,MADISON SQUARE GARDEN ENTERTAINMEN,Communication
COUR,COURSERA INC,Consumer Discretionary
EGBN,EAGLE BANCORP INC,Financials
TGH,TEXTAINER GROUP HOLDINGS LTD,Industrials
SBH,SALLY BEAUTY HOLDINGS INC,Consumer Discretionary
ICFI,ICF INTERNATIONAL INC,Industrials
CENTA,CENTRAL GARDEN AND PET CLASS A,Consumer Staples
STAR,ISTAR REIT INC,Real Estate
TRIL,TRILLIUM THERAPEUTICS INC,Health Care
DEA,EASTERLY GOVERNMENT PROPERTIES INC,Real Estate
FIBK,FIRST INTERSTATE BANCSYSTEM INC CL,Financials
HCSG,HEALTHCARE SERVICES GROUP INC,Industrials
ILPT,INDUSTRIAL LOGISTICS PROPERTIES TR,Real Estate
ARGO,ARGO GROUP INTERNATIONAL HOLDINGS,Financials
NG,NOVAGOLD RESOURCES INC,Materials
PGRE,PARAMOUNT GROUP REIT INC,Real Estate
HMHC,HOUGHTON MIFFLIN HARCOURT,Consumer Discretionary
CBZ,CBIZ INC,Industrials
ATGE,ADTALEM GLOBAL EDUCATION INC,Consumer Discretionary
MSEX,MIDDLESEX WATER,Utilities
FROG,JFROG LTD,Information Technology
BANR,BANNER CORP,Financials
MTOR,MERITOR INC,Industrials
LKFN,LAKELAND FINANCIAL CORP,Financials
KALU,KAISER ALUMINIUM CORP,Materials
MDRX,ALLSCRIPTS HEALTHCARE SOLUTIONS IN,Health Care
STC,STEWART INFO SERVICES CORP,Financials
ALEX,ALEXANDER AND BALDWIN INC,Real Estate
CWH,CAMPING WORLD HOLDINGS INC CLASS A,Consumer Discretionary
SKT,TANGER FACTORY OUTLET CENTERS REIT,Real Estate
BRP,BRP GROUP INC CLASS A,Financials
FLGT,FULGENT GENETICS INC,Health Care
FOE,FERRO CORP,Materials
LAUR,LAUREATE EDUCATION INC CLASS A,Consumer Discretionary
EFSC,ENTERPRISE FINANCIAL SERVICES CORP,Financials
TTEC,TTEC HOLDINGS INC,Information Technology
SANA,SANA BIOTECHNOLOGY INC,Health Care
SLQT,SELECTQUOTE INC,Financials
HNI,HNI CORP,Industrials
MYRG,MYR GROUP INC,Industrials
UIS,UNISYS CORP,Information Technology
AHCO,ADAPTHEALTH CORP,Health Care
PLAY,DAVE AND BUSTERS ENTERTAINMENT INC,Consumer Discretionary
EPAY,BOTTOMLINE TECHNOLOGIES INC,Information Technology
STRA,STRATEGIC EDUCATION INC,Consumer Discretionary
LNN,LINDSAY CORP,Industrials
OCGN,OCUGEN INC,Health Care
ISEE,IVERIC BIO INC,Health Care
VCRA,VOCERA COMMUNICATIONS INC,Health Care
STEP,STEPSTONE GROUP INC CLASS A,Financials
RLAY,RELAY THERAPEUTICS INC,Health Care
HOPE,HOPE BANCORP INC,Financials
MHO,M I HOMES INC,Consumer Discretionary
NYMT,NEW YORK MORTGAGE TRUST REIT INC,Financials
BALY,BALLY S CORP,Consumer Discretionary
PTEN,PATTERSON UTI ENERGY INC,Energy
SWTX,SPRINGWORKS THERAPEUTICS INC,Health Care
KN,KNOWLES CORP,Information Technology
OSIS,OSI SYSTEMS INC,Information Technology
RVMD,REVOLUTION MEDICINES INC,Health Care
BIG,BIG LOTS INC,Consumer Discretionary
GNL,GLOBAL NET LEASE INC,Real Estate
CSGS,CSG SYSTEMS INTERNATIONAL INC,Information Technology
AVYA,AVAYA HOLDINGS CORP,Information Technology
NWBI,NORTHWEST BANCSHARES INC,Financials
GOLF,ACUSHNET HOLDINGS CORP,Consumer Discretionary
MEI,METHODE ELECTRONICS INC,Information Technology
PAR,PAR TECHNOLOGY CORP,Information Technology
HMN,HORACE MANN EDUCATORS CORP,Financials
CRS,CARPENTER TECHNOLOGY CORP,Materials
TREE,LENDINGTREE INC,Financials
CCCC,C4 THERAPEUTICS INC,Health Care
ACLS,AXCELIS TECHNOLOGIES INC,Information Technology
CLI,MACK-CALI REALTY REIT CORP,Real Estate
CDE,COEUR MINING INC,Materials
LNTH,LANTHEUS HOLDINGS INC,Health Care
BCEI,BONANZA CREEK ENERGY INC,Energy
SMCI,SUPER MICRO COMPUTER INC,Information Technology
DLX,DELUXE CORP,Industrials
MVIS,MICROVISION INC,Information Technology
ECPG,ENCORE CAPITAL GROUP INC,Financials
RWT,REDWOOD TRUST REIT INC,Financials
LGFB,LIONS GATE ENTERTAINMENT NON VOTIN,Communication
AVNS,AVANOS MEDICAL INC,Health Care
KDMN,KADMON INC,Health Care
AMWL,AMERICAN WELL CORP CLASS A,Health Care
ESRT,EMPIRE STATE REALTY REIT INC TRUST,Real Estate
MLAB,MESA LABORATORIES INC,Health Care
BBBY,BED BATH AND BEYOND INC,Consumer Discretionary
BSIG,BRIGHTSPHERE INVESTMENT GROUP INC,Financials
CFFN,CAPITOL FEDERAL FINANCIAL INC,Financials
TVTX,TRAVERE THERAPEUTICS INC,Health Care
EB,EVENTBRITE CLASS A INC,Communication
CRTX,CORTEXYME INC,Health Care
FBK,FB FINANCIAL CORP,Financials
LZB,LA-Z-BOY INC,Consumer Discretionary
SHEN,SHENANDOAH TELECOMMUNICATIONS,Communication
BNGO,BIONANO GENOMICS INC,Health Care
NBTB,NBT BANCORP INC,Financials
CRVL,CORVEL CORP,Health Care
HYFM,HYDROFARM HOLDINGS GROUP INC,Industrials
ARCH,ARCH RESOURCES INC CLASS A,Energy
ATRA,ATARA BIOTHERAPEUTICS INC,Health Care
SYBT,STOCK YARDS BANCORP INC,Financials
OPK,OPKO HEALTH INC,Health Care
ANAT,AMERICAN NATIONAL GROUP INC,Financials
JOE,ST JOE,Real Estate
MEG,MONTROSE ENVIRONMENTAL GRP INC,Industrials
SUPN,SUPERNUS PHARMACEUTICALS INC,Health Care
OXM,OXFORD INDUSTRIES INC,Consumer Discretionary
TBBK,BANCORP INC,Financials
COHU,COHU INC,Information Technology
INFN,INFINERA CORP,Information Technology
SENS,SENSEONICS HOLDINGS INC,Health Care
OPRX,OPTIMIZERX CORP,Health Care
OII,OCEANEERING INTERNATIONAL INC,Energy
MTRN,MATERION CORP,Materials
KRA,KRATON CORP,Materials
QTRX,QUANTERIX CORP,Health Care
GBX,GREENBRIER INC,Industrials
NXRT,NEXPOINT RESIDENTIAL TRUST INC,Real Estate
CMPR,CIMPRESS PLC,Industrials
RCUS,ARCUS BIOSCIENCES INC,Health Care
VRTV,VERITIV CORP,Industrials
DRNA,DICERNA PHARMACEUTICALS INC,Health Care
RVNC,REVANCE THERAPEUTICS INC,Health Care
ATSG,AIR TRANSPORT SERVICES GROUP INC,Industrials
INO,INOVIO PHARMACEUTICALS INC,Health Care
MBUU,MALIBU BOATS CLASS A INC,Consumer Discretionary
TTMI,TTM TECHNOLOGIES INC,Information Technology
NWN,NORTHWEST NATURAL HOLDING COMPANY,Utilities
PRIM,PRIMORIS SERVICES CORP,Industrials
PTGX,PROTAGONIST THERAPEUTICS INC,Health Care
ALG,ALAMO GROUP INC,Industrials
RGNX,REGENXBIO INC,Health Care
PBF,PBF ENERGY INC CLASS A,Energy
NNI,NELNET INC CLASS A,Financials
CMCO,COLUMBUS MCKINNON CORP,Industrials
TRS,TRIMAS CORP,Materials
ELF,ELF BEAUTY INC,Consumer Staples
NOG,NORTHERN OIL AND GAS INC,Energy
ALEC,ALECTOR INC,Health Care
WABC,WESTAMERICA BANCORPORATION,Financials
PLUS,EPLUS,Information Technology
SUMO,SUMO LOGIC INC,Information Technology
CDMO,AVID BIOSERVICES INC,Health Care
SEER,SEER INC CLASS A,Health Care
TNC,TENNANT,Industrials
CLNE,CLEAN ENERGY FUELS CORP,Energy
IPAR,INTER PARFUMS INC,Consumer Staples
AZZ,AZZ INC,Industrials
LRN,STRIDE INC,Consumer Discretionary
HCC,WARRIOR MET COAL INC,Materials
BLUE,BLUEBIRD BIO INC,Health Care
ENTA,ENANTA PHARMACEUTICALS INC,Health Care
KFRC,KFORCE INC,Industrials
CSR,CENTERSPACE,Real Estate
GLNG,GOLAR LNG LTD,Energy
SHYF,SHYFT GROUP INC,Industrials
DCPH,DECIPHERA PHARMACEUTICALS INC,Health Care
FBNC,FIRST BANCORP,Financials
CUBI,CUSTOMERS BANCORP INC,Financials
USPH,US PHYSICAL THERAPY INC,Health Care
DIN,DINE BRANDS GLOBAL INC,Consumer Discretionary
KOS,KOSMOS ENERGY LTD,Energy
SAFE,SAFEHOLD INC,Real Estate
DK,DELEK US HOLDINGS INC,Energy
CSTL,CASTLE BIOSCIENCES INC,Health Care
BTU,PEABODY ENERGY CORP,Energy
ENVA,ENOVA INTERNATIONAL INC,Financials
RGR,STURM RUGER INC,Consumer Discretionary
SCHN,SCHNITZER STEEL INDUSTRIES INC CLA,Materials
GEVO,GEVO INC,Energy
JRVR,JAMES RIVER GROUP HOLDINGS LTD,Financials
LADR,LADDER CAPITAL CORP CLASS A,Financials
PRO,PROS HOLDINGS INC,Information Technology
SBGI,SINCLAIR BROADCAST GROUP INC CLASS,Communication
NVEE,NV5 GLOBAL INC,Industrials
AMCX,AMC NETWORKS CLASS A INC,Communication
HSC,HARSCO CORP,Industrials
OCFC,OCEANFIRST FINANCIAL CORP,Financials
BUSE,FIRST BUSEY CORP,Financials
LBRT,LIBERTY OILFIELD SERVICES INC CLAS,Energy
LTC,LTC PROPERTIES REIT INC,Real Estate
CERE,CEREVEL THERAPEUTICS HOLDINGS INC,Health Care
OFG,OFG BANCORP,Financials
FIZZ,NATIONAL BEVERAGE CORP,Consumer Staples
TPIC,TPI COMPOSITES INC,Industrials
CDEV,CENTENNIAL RESOURCE DEVELOPMENT IN,Energy
MNKD,MANNKIND CORP,Health Care
GRWG,GROWGENERATION CORP,Consumer Discretionary
SXI,STANDEX INTERNATIONAL CORP,Industrials
MGNX,MACROGENICS INC,Health Care
BRMK,BROADMARK REALTY CAPITAL INC,Financials
PING,PING IDENTITY HOLDING CORP,Information Technology
XPEL,XPEL INC,Consumer Discretionary
OPI,OFFICE PROPERTIES INCOME TRUST,Real Estate
ECHO,ECHO GLOBAL LOGISTICS INC,Industrials
CYH,COMMUNITY HEALTH SYSTEMS INC,Health Care
TELL,TELLURIAN INC,Energy
GIII,G III APPAREL GROUP LTD,Consumer Discretionary
BKD,BROOKDALE SENIOR LIVING INC,Health Care
RDNT,RADNET INC,Health Care
HEES,H AND E EQUIPMENT SERVICES INC,Industrials
FCF,FIRST COMMONWEALTH FINANCIAL CORP,Financials
YEXT,YEXT INC,Information Technology
CSII,CARDIOVASCULAR SYSTEMS INC,Health Care
EXTR,EXTREME NETWORKS INC,Information Technology
CALM,CAL MAINE FOODS INC,Consumer Staples
SAH,SONIC AUTOMOTIVE INC CLASS A,Consumer Discretionary
TGI,TRIUMPH GROUP INC,Industrials
GTY,GETTY REALTY REIT CORP,Real Estate
FARO,FARO TECHNOLOGIES INC,Information Technology
SGRY,SURGERY PARTNERS INC,Health Care
GDYN,GRID DYNAMICS HOLDINGS INC CLASS A,Information Technology
BKE,BUCKLE INC,Consumer Discretionary
GPRE,GREEN PLAINS INC,Energy
NBHC,NATIONAL BANK HOLDINGS CORP CLASS,Financials
MORF,MORPHIC HOLDING INC,Health Care
TCBK,TRICO BANCSHARES,Financials
EPAC,ENERPAC TOOL GROUP CORP CLASS A,Industrials
DDS,DILLARDS INC CLASS A,Consumer Discretionary
ASIX,ADVANSIX INC,Materials
PRCH,PORCH GROUP INC,Consumer Discretionary
RILY,B RILEY FINANCIAL INC,Financials
USNA,USANA HEALTH SCIENCES INC,Consumer Staples
CNOB,CONNECTONE BANCORP INC,Financials
ARKO,ARKO,Consumer Discretionary
DCOM,DIME COMMUNITY BANCSHARES INC,Financials
PFC,PREMIER FINANCIAL CORP,Financials
PBI,PITNEY BOWES INC,Industrials
UVV,UNIVERSAL CORP,Consumer Staples
IMGN,IMMUNOGEN INC,Health Care
AXL,AMERICAN AXLE AND MANUFACTURING HO,Consumer Discretionary
SAFT,SAFETY INSURANCE GROUP INC,Financials
GFF,GRIFFON CORP,Industrials
PRPL,PURPLE INNOVATION INC,Consumer Discretionary
AROC,ARCHROCK INC,Energy
RCKT,ROCKET PHARMACEUTICALS INC,Health Care
KURA,KURA ONCOLOGY INC,Health Care
TUP,TUPPERWARE BRANDS CORP,Consumer Discretionary
PLCE,CHILDRENS PLACE INC,Consumer Discretionary
TMP,TOMPKINS FINANCIAL CORP,Financials
BRKL,BROOKLINE BANCORP INC,Financials
SWM,SCHWEITZER MAUDUIT INTERNATIONAL I,Materials
ASTE,ASTEC INDUSTRIES INC,Industrials
AGEN,AGENUS INC,Health Care
AIR,AAR CORP,Industrials
PGTI,PGT INNOVATIONS INC,Industrials
HIBB,HIBBETT INC,Consumer Discretionary
ADUS,ADDUS HOMECARE CORP,Health Care
AMWD,AMERICAN WOODMARK CORP,Industrials
BANF,BANCFIRST CORP,Financials
SNEX,STONEX GROUP INC,Financials
SBSI,SOUTHSIDE BANCSHARES INC,Financials
PRA,PROASSURANCE CORP,Financials
BHLB,BERKSHIRE HILLS BANCORP INC,Financials
MODN,MODEL N INC,Information Technology
MMAT,META MATERIALS INC,Information Technology
OEC,ORION ENGINEERED CARBONS SA,Materials
VECO,VEECO INSTRUMENTS INC,Information Technology
FDP,FRESH DEL MONTE PRODUCE INC,Consumer Staples
CXW,CORECIVIC REIT INC,Industrials
TBI,TRUEBLUE INC,Industrials
CEIX,CONSOL ENERGY INC,Energy
CHCO,CITY HOLDING,Financials
HURN,HURON CONSULTING GROUP INC,Industrials
CHRS,COHERUS BIOSCIENCES INC,Health Care
JYNT,JOINT CORP,Health Care
STBA,S AND T BANCORP INC,Financials
EIG,EMPLOYERS HOLDINGS INC,Financials
AMSF,AMERISAFE INC,Financials
GPRO,GOPRO INC CLASS A,Consumer Discretionary
CWENA,CLEARWAY ENERGY INC CLASS A,Utilities
CNDT,CONDUENT INC,Information Technology
AVXL,ANAVEX LIFE SCIENCES CORP,Health Care
UUUU,ENERGY FUELS INC,Energy
SCS,STEELCASE INC CLASS A,Industrials
HA,HAWAIIAN HOLDINGS INC,Industrials
BRBR,BELLRING BRANDS INC CLASS A,Consumer Staples
AGM,FEDERAL AGRICULTURAL MORTGAGE NON,Financials
EHTH,EHEALTH INC,Financials
AIV,APARTMENT INVESTMENT AND MANAGEMEN,Real Estate
RPT,RPT REALTY,Real Estate
LASR,NLIGHT INC,Information Technology
GCP,GCP APPLIED TECHNOLOGIES INC,Materials
STEM,STEM INC,Industrials
CHCT,COMMUNITY HEALTHCARE TRUST INC,Real Estate
MPLN,MULTIPLAN CORP CLASS A,Health Care
ICHR,ICHOR HOLDINGS LTD,Information Technology
ASPN,ASPEN AEROGELS INC,Energy
EBSB,MERIDIAN BANCORP INC,Financials
DFIN,DONNELLEY FINANCIAL SOLUTIONS INC,Financials
FRO,FRONTLINE LTD,Energy
KAMN,KAMAN CORP,Industrials
TLS,TELOS CORPORATION CORP,Information Technology
MATW,MATTHEWS INTERNATIONAL CORP CLASS,Industrials
FFWM,FIRST FOUNDATION INC,Financials
QADA,QAD INC CLASS A,Information Technology
RSI,RUSH STREET INTERACTIVE INC CLASS,Consumer Discretionary
POLY,PLANTRONICS INC,Information Technology
CHEF,CHEFS WAREHOUSE INC,Consumer Staples
LPI,LAREDO PETROLEUM INC,Energy
FRG,FRANCHISE GROUP INC,Consumer Discretionary
PACK,RANPAK HOLDINGS CORP CLASS A,Materials
AXSM,AXSOME THERAPEUTICS INC,Health Care
ALXO,ALX ONCOLOGY HOLDINGS INC,Health Care
TVTY,TIVITY HEALTH INC,Health Care
USD,USD CASH,Cash and/or Derivatives
MMI,MARCUS & MILLICHAP INC,Real Estate
BLNK,BLINK CHARGING,Industrials
IMAX,IMAX CORP,Communication
DM,DESKTOP METAL INC CLASS A,Industrials
AVID,AVID TECHNOLOGY INC,Information Technology
SGMO,SANGAMO THERAPEUTICS INC,Health Care
IDT,IDT CORP CLASS B,Communication
COWN,COWEN INC CLASS A,Financials
SSP,EW SCRIPPS CLASS A,Communication
INN,SUMMIT HOTEL PROPERTIES REIT INC,Real Estate
SWBI,SMITH WESSON BRANDS INC,Consumer Discretionary
WOW,WIDEOPENWEST INC,Communication
NTGR,NETGEAR INC,Information Technology
AGYS,AGILISYS INC,Information Technology
SATS,ECHOSTAR CORP CLASS A,Communication
CERS,CERUS CORP,Health Care
EVOP,EVO PAYMENTS INC CLASS A,Information Technology
AFIN,AMERICAN FIN INC TRUST CLASS A,Real Estate
BLI,BERKELEY LIGHTS INC,Health Care
PWSC,POWERSCHOOL HOLDINGS INC CLASS A,Consumer Discretionary
CTS,CTS CORP,Information Technology
VREX,VAREX IMAGING CORP,Health Care
HZO,MARINEMAX INC,Consumer Discretionary
APOG,APOGEE ENTERPRISES INC,Industrials
PCVX,VAXCYTE INC,Health Care
ANDE,ANDERSONS INC,Consumer Staples
RADI,RADIUS GLOBAL INFRASTRUCTURE INC C,Communication
CCO,CLEAR CHANNEL OUTDOOR HOLDINGS INC,Communication
DENN,DENNYS CORP,Consumer Discretionary
LUNG,PULMONX CORP,Health Care
SMP,STANDARD MOTOR PRODUCTS INC,Consumer Discretionary
LMAT,LEMAITRE VASCULAR INC,Health Care
VNDA,VANDA PHARMACEUTICALS INC,Health Care
DNOW,NOW INC,Industrials
SPNS,SAPIENS INTERNATIONAL NV,Information Technology
ROAD,CONSTRUCTION PARTNERS INC CLASS A,Industrials
BMTC,BRYN MAWR BANK CORP,Financials
GABC,GERMAN AMERICAN BANCORP INC,Financials
ECOL,US ECOLOGY INC,Industrials
VVI,VIAD CORP,Industrials
GBIO,GENERATION BIO,Health Care
TEN,TENNECO INC CLASS A,Consumer Discretionary
IMKTA,INGLES MARKETS INC CLASS A,Consumer Staples
GSAT,GLOBALSTAR VOTING INC,Communication
KRNY,KEARNY FINANCIAL CORP,Financials
DNMR,DANIMER SCIENTIFIC INC CLASS A,Materials
WASH,WASHINGTON TRUST BANCORP INC,Financials
YMAB,Y MABS THERAPEUTICS INC,Health Care
SCHL,SCHOLASTIC CORP,Communication
ENDP,ENDO INTERNATIONAL PLC,Health Care
ATRI,ATRION CORP,Health Care
UMH,UMH PROPERTIES REIT INC,Real Estate
ANGO,ANGIODYNAMICS INC,Health Care
GOGO,GOGO INC,Communication
OBNK,ORIGIN BANCORP INC,Financials
UPLD,UPLAND SOFTWARE INC,Information Technology
MGPI,MGP INGREDIENTS INC,Consumer Staples
HRTX,HERON THERAPEUTICS INC,Health Care
BATRK,LIBERTY MEDIA LIBERTY BRAVES CORP,Communication
PI,IMPINJ INC,Information Technology
NTST,NETSTREIT CORP,Real Estate
WW,WW INTERNATIONAL INC,Consumer Discretionary
XOG,EXTRACTION OIL & GAS INC,Energy
HSII,HEIDRICK AND STRUGGLES INTERNATION,Industrials
INBX,INHIBRX INC,Health Care
BHE,BENCHMARK ELECTRONICS INC,Information Technology
IVR,INVESCO MORTGAGE CAPITAL REIT INC,Financials
MDGL,MADRIGAL PHARMACEUTICALS INC,Health Care
WMK,WEIS MARKETS INC,Consumer Staples
OCUL,OCULAR THERAPEUTIX INC,Health Care
BLFS,BIOLIFE SOLUTIONS INC,Health Care
ARCT,ARCTURUS THERAPEUTICS HOLDINGS INC,Health Care
PSN,PARSONS CORP,Industrials
GLDD,GREAT LAKES DREDGE AND DOCK CORP,Industrials
CEVA,CEVA INC,Information Technology
REPL,REPLIMUNE GROUP INC,Health Care
CAI,CAI INTERNATIONAL INC,Industrials
GEO,GEO GROUP REIT INC,Real Estate
DRQ,DRIL QUIP INC,Energy
CCSIV,CONSENSUS CLOUD SOLUTIONS INC WHEN,Information Technology
AAN,AARONS COMPANY INC,Consumer Discretionary
ADTN,ADTRAN INC,Information Technology
PFBC,PREFERRED BANK,Financials
SCSC,SCANSOURCE INC,Information Technology
GMRE,GLOBAL MEDICAL REIT INC,Real Estate
ALLO,ALLOGENE THERAPEUTICS INC,Health Care
TILE,INTERFACE INC,Industrials
VRAY,VIEWRAY INC,Health Care
ARR,ARMOUR RESIDENTIAL REIT INC,Financials
FGEN,FIBROGEN INC,Health Care
BANC,BANC OF CALIFORNIA INC,Financials
LBAI,LAKELAND BANCORP INC,Financials
STFC,STATE AUTO FINANCIAL CORP,Financials
DHT,DHT HOLDINGS INC,Energy
XENT,INTERSECT ENT INC,Health Care
NRIX,NURIX THERAPEUTICS INC,Health Care
MRTN,MARTEN TRANSPORT LTD,Industrials
KRYS,KRYSTAL BIOTECH INC,Health Care
MNRL,BRIGHAM MINERALS INC CLASS A,Energy
ZUMZ,ZUMIEZ INC,Consumer Discretionary
ACRS,ACLARIS THERAPEUTICS INC,Health Care
CRK,COMSTOCK RESOURCES INC,Energy
REAL,THE REALREAL INC,Consumer Discretionary
NHC,NATIONAL HEALTHCARE CORP,Health Care
UTZ,UTZ BRANDS INC CLASS A,Consumer Staples
MCRI,MONARCH CASINO AND RESORT INC,Consumer Discretionary
ZGNX,ZOGENIX INC,Health Care
STNG,SCORPIO TANKERS INC,Energy
EFC,ELLINGTON FINANCIAL INC,Financials
RC,READY CAPITAL CORP,Financials
GDEN,GOLDEN ENTERTAINMENT INC,Consumer Discretionary
LOVE,LOVESAC COMPANY,Consumer Discretionary
LGFA,LIONS GATE ENTERTAINMENT VOTING CO,Communication
SFL,SFL LTD,Energy
GCI,GANNETT CO INC,Communication
QNST,QUINSTREET INC,Communication
WRLD,WORLD ACCEPTANCE CORP,Financials
GRC,GORMAN-RUPP,Industrials
TTCF,TATTOOED CHEF INC CLASS A,Consumer Staples
BJRI,BJS RESTAURANTS INC,Consumer Discretionary
ATEC,ALPHATEC HOLDNGS INC,Health Care
PUMP,PROPETRO HOLDING CORP,Energy
GCO,GENESCO INC,Consumer Discretionary
PEBO,PEOPLES BANCORP INC,Financials
HFWA,HERITAGE FINANCIAL CORP,Financials
PLOW,DOUGLAS DYNAMICS INC,Industrials
CAL,CALERES INC,Consumer Discretionary
GOSS,GOSSAMER BIO INC,Health Care
SPTN,SPARTANNASH,Consumer Staples
UVSP,UNIVEST FINANCIAL CORP,Financials
DHC,DIVERSIFIED HEALTHCARE TRUST,Real Estate
AMSWA,AMERICAN SOFTWARE INC CLASS A,Information Technology
NCBS,NICOLET BANKSHARES INC,Financials
AHH,ARMADA HOFFLER PROPERTIES REIT INC,Real Estate
NP,NEENAH INC,Materials
ACCO,ACCO BRANDS CORP,Industrials
RNA,AVIDITY BIOSCIENCES INC,Health Care
SPNT,SIRIUSPOINT LTD,Financials
BRSP,BRIGHTSPIRE CAPITAL INC CLASS A,Financials
HLIT,HARMONIC INC,Information Technology
GSKY,GREENSKY INC CLASS A,Information Technology
IDYA,IDEAYA BIOSCIENCES INC,Health Care
STRO,SUTRO BIOPHARMA INC,Health Care
CRY,CRYOLIFE INC,Health Care
NEX,NEXTIER OILFIELD SOLUTIONS INC,Energy
RXT,RACKSPACE TECHNOLOGY INC,Information Technology
NTUS,NATUS MEDICAL INC,Health Care
CARS,CARS.COM INC,Communication
SRCE,1ST SOURCE CORP,Financials
HYLN,HYLIION HOLDINGS CORP CLASS A,Industrials
KIDS,ORTHOPEDIATRICS CORP,Health Care
PRTY,PARTY CITY HOLDCO INC,Consumer Discretionary
HRMY,HARMONY BIOSCIENCES HLDG INC,Health Care
HMST,HOMESTREET INC,Financials
CENX,CENTURY ALUMINUM,Materials
VTOL,BRISTOW GROUP INC,Energy
GES,GUESS INC,Consumer Discretionary
MNMD,MIND MEDICINE SUBORDINATE VOTING I,Health Care
BCOR,BLUCORA INC,Financials
INGN,INOGEN INC,Health Care
ERII,ENERGY RECOVERY INC,Industrials
SNDX,SYNDAX PHARMACEUTICALS INC,Health Care
GTS,TRIPLE S MANAGEMENT CORP,Health Care
NXGN,NEXTGEN HEALTHCARE INC,Health Care
VXRT,VAXART INC,Health Care
FBMS,FIRST BANCSHARES INC,Financials
QCRH,QCR HOLDINGS INC,Financials
VVNT,VIVINT SMART HOME INC CLASS A,Consumer Discretionary
NFBK,NORTHFIELD BANCORP INC,Financials
NBR,NABORS INDUSTRIES LTD,Energy
PLAB,PHOTRONICS INC,Information Technology
ATEN,A10 NETWORKS INC,Information Technology
CIO,CITY OFFICE REIT INC,Real Estate
IDEX,IDEANOMICS INC,Industrials
DBI,DESIGNER BRANDS INC CLASS A,Consumer Discretionary
CCRN,CROSS COUNTRY HEALTHCARE INC,Health Care
CMRE,COSTAMARE INC,Industrials
BOOM,DMC GLOBAL INC,Energy
HBNC,HORIZON BNCP IND,Financials
PAYA,PAYA HOLDINGS INC CLASS A,Information Technology
OSUR,ORASURE TECHNOLOGIES INC,Health Care
TRTX,TPG RE FINANCE TRUST INC,Financials
MITK,MITEK SYSTEMS INC,Information Technology
WNC,WABASH NATIONAL CORP,Industrials
WKHS,WORKHORSE GROUP INC,Consumer Discretionary
FLWS,1-800 FLOWERS.COM INC CLASS A,Consumer Discretionary
VIVO,MERIDIAN BIOSCIENCE INC,Health Care
UEC,URANIUM ENERGY CORP,Energy
ECOM,CHANNELADVISOR CORP,Information Technology
INSW,INTERNATIONAL SEAWAYS INC,Energy
DMTK,DERMTECH INC,Health Care
HTLD,HEARTLAND EXPRESS INC,Industrials
CNR,CORNERSTONE BUILDING BRANDS INC,Industrials
HCI,HCI GROUP INC,Financials
GOOD,GLADSTONE COMMERCIAL REIT CORP,Real Estate
SGH,SMART GLOBAL HOLDINGS INC,Information Technology
SPWH,SPORTSMANS WAREHOUSE HOLDINGS INC,Consumer Discretionary
CRAI,CRA INTERNATIONAL INC,Industrials
CUTR,CUTERA INC,Health Care
SRRK,SCHOLAR ROCK HOLDING CORP,Health Care
GPMT,GRANITE POINT MORTGAGE TRUST INC,Financials
RAD,RITE AID CORP,Consumer Staples
FULC,FULCRUM THERAPEUTICS INC,Health Care
TCX,TUCOWS INC,Information Technology
PRDO,PERDOCEO EDUCATION CORP,Consumer Discretionary
RUBY,RUBIUS THERAPEUTICS INC,Health Care
CCF,CHASE CORP,Materials
CSV,CARRIAGE SERVICES INC,Consumer Discretionary
DBD,DIEBOLD NIXDORF INC,Information Technology
EBIX,EBIX INC,Information Technology
IIIN,INSTEEL INDUSTRIES INC,Industrials
INVA,INNOVIVA INC,Health Care
ADGI,ADAGIO THERAPEUTICS INC,Health Care
JBSS,JOHN B SANFILIPPO AND SON INC,Consumer Staples
GOEV,CANOO INC CLASS A,Consumer Discretionary
SRDX,SURMODICS INC,Health Care
TMDX,TRANSMEDICS GROUP INC,Health Care
CLBK,COLUMBIA FINANCIAL INC,Financials
UHT,UNIVERSAL HEALTH REALTY INCOME TRU,Real Estate
SIBN,SI BONE INC,Health Care
MYE,MYERS INDUSTRIES INC,Materials
OLMA,OLEMA PHARMACEUTICALS INC,Health Care
CAC,CAMDEN NATIONAL CORP,Financials
HSTM,HEALTHSTREAM INC,Health Care
CRNX,CRINETICS PHARMACEUTICALS INC,Health Care
COLL,COLLEGIUM PHARMACEUTICAL INC,Health Care
WETF,WISDOMTREE INVESTMENTS INC,Financials
HNGR,HANGER INC,Health Care
DGII,DIGI INTERNATIONAL INC,Information Technology
TCMD,TACTILE SYSTEMS TECHNOLOGY INC,Health Care
CRSR,CORSAIR GAMING INC,Information Technology
HWKN,HAWKINS INC,Materials
KREF,KKR REAL ESTATE FINANCE INC TRUST,Financials
ACEL,ACCEL ENTERTAINMENT INC CLASS A,Consumer Discretionary
NX,QUANEX BUILDING PRODUCTS CORP,Industrials
HONE,HARBORONE BANCORP INC,Financials
PLYM,PLYMOUTH INDUSTRIAL REIT INC,Real Estate
CRMT,AMERICAS CAR MART INC,Consumer Discretionary
KELYA,KELLY SERVICES INC CLASS A,Industrials
SLCA,US SILICA HOLDINGS INC,Energy
AMPH,AMPHASTAR PHARMACEUTICALS INC,Health Care
FFIC,FLUSHING FINANCIAL CORP,Financials
TPB,TURNING POINT BRANDS INC,Consumer Staples
ORMP,ORAMED PHARMACEUTICALS INC,Health Care
AVO,MISSION PRODUCE INC,Consumer Staples
GNOG,GOLDEN NUGGET ONLINE GAMING INC CL,Consumer Discretionary
MCB,METROPOLITAN BANK HOLDING CORP,Financials
OSPN,ONESPAN INC,Information Technology
SP,SP PLUS CORP,Industrials
RDUS,RADIUS HEALTH INC,Health Care
ABTX,ALLEGIANCE BANCSHARES INC,Financials
VERV,VERVE THERAPEUTICS INC,Health Care
FRTA,FORTERRA INC,Materials
WINA,WINMARK CORP,Consumer Discretionary
FMBH,FIRST MID BANCSHARES INC,Financials
ATEX,ANTERIX INC,Communication
MGI,MONEYGRAM INTERNATIONAL INC,Information Technology
OFIX,ORTHOFIX MEDICAL INC,Health Care
MTW,MANITOWOC INC,Industrials
PSNL,PERSONALIS INC,Health Care
AFMD,AFFIMED NV,Health Care
CTBI,COMMUNITY TRUST BANCORP INC,Financials
PARR,PAR PACIFIC HOLDINGS INC,Energy
HTBK,HERITAGE COMMERCE CORP,Financials
MDXG,MIMEDX GROUP INC,Health Care
CNSL,CONSOLIDATED COMMUNICATIONS HOLDIN,Communication
KE,KIMBALL ELECTRONICS INC,Information Technology
PDFS,PDF SOLUTIONS INC,Information Technology
PHAT,PHATHOM PHARMACEUTICALS INC,Health Care
KOP,KOPPERS HOLDINGS INC,Materials
BY,BYLINE BANCORP INC,Financials
ACRE,ARES COMMERCIAL REAL ESTATE REIT C,Financials
MCF,CONTANGO OIL AND GAS,Energy
PRTS,CARPARTS COM INC,Consumer Discretionary
CMO,CAPSTEAD MORTGAGE REIT CORP,Financials
ALVR,ALLOVIR INC,Health Care
TA,TRAVELCENTERS OF AMERICA INC,Consumer Discretionary
LAND,GLADSTONE LAND REIT CORP,Real Estate
PETQ,PETIQ INC CLASS A,Health Care
CVI,CVR ENERGY INC,Energy
ANNX,ANNEXON INC,Health Care
BOMN,BOSTON OMAHA CORP CLASS A,Communication
ADV,ADVANTAGE SOLUTIONS INC CLASS A,Communication
UTL,UNITIL CORP,Utilities
AMBC,AMBAC FINANCIAL GROUP INC,Financials
KRON,KRONOS BIO INC,Health Care
CRIS,CURIS INC,Health Care
GLT,GLATFELTER CORP,Materials
EGRX,EAGLE PHARMACEUTICALS INC,Health Care
CVGW,CALAVO GROWERS INC,Consumer Staples
VERI,VERITONE INC,Information Technology
RUTH,RUTHS HOSPITALITY GROUP INC,Consumer Discretionary
GRBK,GREEN BRICK PARTNERS INC,Consumer Discretionary
AGX,ARGAN INC,Industrials
NGM,NGM BIOPHARMACEUTICALS INC,Health Care
AOSL,ALPHA AND OMEGA SEMICONDUCTOR LTD,Information Technology
CTRN,CITI TRENDS INC,Consumer Discretionary
BTRS,BTRS HOLDINGS INC CLASS,Information Technology
TMST,TIMKENSTEEL CORP,Materials
CLAR,CLARUS CORP,Consumer Discretionary
NSSC,NAPCO SECURITY TECHNOLOGIES INC,Information Technology
CLW,CLEARWATER PAPER CORP,Materials
CFB,CROSSFIRST BANKSHARES INC,Financials
MRC,MRC GLOBAL INC,Industrials
PMVP,PMV PHARMACEUTICALS INC,Health Care
APTS,PREFERRED APARTMENT COMMUNITIES RE,Real Estate
BMRC,BANK OF MARIN BANCORP,Financials
NUVB,NUVATION BIO INC CLASS A,Health Care
STRL,STERLING CONSTRUCTION INC,Industrials
RAPT,RAPT THERAPEUTICS INC,Health Care
PGC,PEAPACK GLADSTONE FINANCIAL CORP,Financials
CHUY,CHUYS HOLDINGS INC,Consumer Discretionary
MRSN,MERSANA THERAPEUTICS INC,Health Care
IBRX,IMMUNITYBIO INC,Health Care
CTLP,CANTALOUPE INC,Information Technology
CPF,CENTRAL PACIFIC FINANCIAL CORP,Financials
PNTG,PENNANT GROUP INC,Health Care
TSC,TRISTATE CAPITAL HOLDINGS INC,Financials
ORC,ORCHID ISLAND CAPITAL INC,Financials
BV,BRIGHTVIEW HOLDINGS INC,Industrials
FA,FIRST ADVANTAGE CORP,Industrials
AMTI,APPLIED MOLECULAR TRANSPORT,Health Care
FMTX,FORMA THERAPEUTICS HLDG INC,Health Care
ARQT,ARCUTIS BIOTHERAPEUTICS INC,Health Care
SCU,SCULPTOR CAPITAL MANAGEMENT INC CL,Financials
KROS,KEROS THERAPEUTICS INC,Health Care
BBSI,BARRETT BUSINESS SERVICES INC,Industrials
CTT,CATCHMARK TIMBER TRUST INC CLASS A,Real Estate
CATC,CAMBRIDGE BANCORP,Financials
GNK,GENCO SHIPPING AND TRADING LTD,Industrials
CARA,CARA THERAPEUTICS INC,Health Care
RIGL,RIGEL PHARMACEUTICALS INC,Health Care
HLX,HELIX ENERGY SOLUTIONS GROUP INC,Energy
LAW,CS DISCO INC,Information Technology
CPLG,COREPOINT LODGING INC,Real Estate
UEIC,UNIVERSAL ELECTRONICS INC,Consumer Discretionary
GSBC,GREAT SOUTHERN BANCORP INC,Financials
PECO,PHILLIPS EDISON AND COMPANY INC,Real Estate
YORW,YORK WATER,Utilities
DX,DYNEX CAPITAL REIT INC,Financials
MOD,MODINE MANUFACTURING,Consumer Discretionary
CPRX,CATALYST PHARMACEUTICALS INC,Health Care
NRC,NATIONAL RESEARCH CORP,Health Care
SNCY,SUN COUNTRY AIRLINES HOLDINGS INC,Industrials
RMO,ROMEO POWER INC CLASS A,Industrials
CGEM,CULLINAN ONCOLOGY INC,Health Care
ECVT,ECOVYST INC,Materials
CASS,CASS INFORMATION SYSTEMS INC,Information Technology
TRST,TRUSTCO BANK CORP,Financials
CLFD,CLEARFIELD INC,Information Technology
BLX,BANCO LATINOAMERICANO DE COMERCIO,Financials
MBI,MBIA INC,Financials
ANIK,ANIKA THERAPEUTICS INC,Health Care
AMTX,AEMETIS INC,Energy
SCVL,SHOE CARNIVAL INC,Consumer Discretionary
RMAX,RE MAX HOLDINGS INC CLASS A,Real Estate
PRAX,PRAXIS PRECISION MEDICINES INC,Health Care
ALX,ALEXANDERS REIT INC,Real Estate
CMTL,COMTECH TELECOMMUNICATIONS CORP,Information Technology
FOSL,FOSSIL GROUP INC,Consumer Discretionary
SLP,SIMULATIONS PLUS INC,Health Care
ULCC,FRONTIER GROUP HOLDINGS INC,Industrials
CLDT,CHATHAM LODGING TRUST REIT,Real Estate
OSW,ONESPAWORLD HOLDINGS LTD,Consumer Discretionary
RICK,RCI HOSPITALITY HOLDINGS INC,Consumer Discretionary
DXPE,DXP ENTERPRISES INC,Industrials
VUZI,VUZIX CORP,Consumer Discretionary
UBA,URSTADT BIDDLE PROPERTIES REIT INC,Real Estate
VBIV,VBI VACCINES INC,Health Care
AEVA,AEVA TECHNOLOGIES INC,Information Technology
LORL,LORAL SPACE AND COMMUNICATIONS INC,Communication
AMRK,A MARK PRECIOUS METALS INC,Financials
CIR,CIRCOR INTERNATIONAL INC,Industrials
SXC,SUNCOKE ENERGY INC,Materials
VRS,VERSO CORP CLASS A,Materials
HVT,HAVERTY FURNITURE COMPANIES INC,Consumer Discretionary
AMRX,AMNEAL PHARMACEUTICALS INC CLASS A,Health Care
DHIL,DIAMOND HILL INVESTMENT GROUP INC,Financials
FLYW,FLYWIRE CORP,Information Technology
ATRS,ANTARES PHARMA INC,Health Care
RGP,RESOURCES CONNECTION INC,Industrials
LXFR,LUXFER HOLDINGS PLC,Industrials
AKRO,AKERO THERAPEUTICS INC,Health Care
PAVM,PAVMED INC,Health Care
AERI,AERIE PHARMACEUTICALS INC,Health Care
GAN,GAN LTD,Consumer Discretionary
VEC,VECTRUS INC,Industrials
CHS,CHICOS FAS INC,Consumer Discretionary
ANAB,ANAPTYSBIO INC,Health Care
ETD,ETHAN ALLEN INTERIORS INC,Consumer Discretionary
HAFC,HANMI FINANCIAL CORP,Financials
LFST,LIFESTANCE HEALTH GROUP INC,Health Care
TRHC,TABULA RASA HEALTHCARE INC,Health Care
NWLI,NATIONAL WESTERN LIFE GROUP INC CL,Financials
BRY,BERRY,Energy
JOUT,JOHNSON OUTDOORS INC CLASS A,Consumer Discretionary
BTAI,BIOXCEL THERAPEUTICS INC,Health Care
PLBY,PLBY GROUP INC,Consumer Discretionary
AMTB,AMERANT BANCORP INC CLASS A,Financials
FORR,FORRESTER RESEARCH INC,Industrials
FSP,FRANKLIN STREET PROPERTIES REIT CO,Real Estate
MSBI,MIDLAND STATES BANCORP INC,Financials
BFS,SAUL CENTERS REIT INC,Real Estate
THR,THERMON GROUP HOLDINGS INC,Industrials
FCBC,FIRST COMMUNITY BANKSHARES INC,Financials
OPRT,OPORTUN FINANCIAL CORP,Financials
ITOS,ITEOS THERAPEUTICS INC,Health Care
AXGN,AXOGEN INC,Health Care
FDMT,4D MOLECULAR THERAPEUTICS INC,Health Care
QUOT,QUOTIENT TECHNOLOGY INC,Consumer Discretionary
LILA,LIBERTY LATIN AMERICA LTD CLASS A,Communication
VERU,VERU INC,Consumer Staples
MBWM,MERCANTILE BANK CORP,Financials
KNTE,KINNATE BIOPHARMA INC,Health Care
PTVE,PACTIV EVERGREEN INC,Materials
DCO,DUCOMMUN INC,Industrials
SRG,SERITAGE GROWTH PROPERTIES CLA,Real Estate
INSG,INSEEGO CORP,Information Technology
IMXI,INTERNATIONAL MONEY EXPRESS INC,Information Technology
SRI,STONERIDGE INC,Consumer Discretionary
TITN,TITAN MACHINERY INC,Industrials
TPC,TUTOR PERINI CORP,Industrials
NDLS,NOODLES CLASS A,Consumer Discretionary
LQDT,LIQUIDITY SERVICES INC,Consumer Discretionary
TDW,TIDEWATER INC,Energy
GRPN,GROUPON INC,Consumer Discretionary
ACBI,ATLANTIC CAPITAL BANCSHARES INC,Financials
HIFS,HINGHAM INSTITUTION FOR SAVINGS,Financials
POWW,AMMO INC,Consumer Discretionary
ARLO,ARLO TECHNOLOGIES INC,Information Technology
EOSE,EOS ENERGY ENTERPRISES INC CLASS A,Industrials
RBNC,RELIANT BANCORP INC,Financials
LL,LUMBER LIQUIDATORS HOLDINGS INC,Consumer Discretionary
MOV,MOVADO GROUP INC,Consumer Discretionary
FC,FRANKLIN COVEY,Industrials
PETS,PETMED EXPRESS INC,Consumer Discretionary
ONTF,ON24 INC,Information Technology
ORIC,ORIC PHARMACEUTICALS INC,Health Care
XPRO,EXPRO GROUP HOLDINGS NV,Energy
STTK,SHATTUCK LABS INC,Health Care
RBCAA,REPUBLIC BANCORP INC CLASS A,Financials
GATO,GATOS SILVER INC,Materials
AKBA,AKEBIA THERAPEUTICS INC,Health Care
PVAC,PENN VA CORP,Energy
ALBO,ALBIREO PHARMA INC,Health Care
CPSI,COMPUTER PROGRAMS AND SYSTEMS INC,Health Care
HCKT,HACKETT GROUP INC,Information Technology
OLP,ONE LIBERTY PROPERTIES REIT INC,Real Estate
BZH,BEAZER HOMES INC,Consumer Discretionary
WTBA,WEST BANCORPORATION INC,Financials
ATNI,ATN INTERNATIONAL INC,Communication
VSEC,VSE CORP,Industrials
STGW,STAGWELL INC CLASS A,Communication
THFF,FIRST FINANCIAL CORPORATION INDIAN,Financials
MCFT,MASTERCRAFT BOAT HOLDINGS INC,Consumer Discretionary
AROW,ARROW FINANCIAL CORP,Financials
RYTM,RHYTHM PHARMACEUTICALS INC,Health Care
DTIL,PRECISION BIOSCIENCES INC,Health Care
IIIV,I3 VERTICALS INC CLASS A,Information Technology
RXRX,RECURSION PHARMACEUTICALS INC CLAS,Health Care
VIEW,VIEW INC CLASS A,Industrials
BGFV,BIG SPORTING GOODS CORP,Consumer Discretionary
TRNS,TRANSCAT INC,Industrials
HAYN,HAYNES INTERNATIONAL INC,Materials
IGMS,IGM BIOSCIENCES INC,Health Care
CBTX,CBTX INC,Financials
EBF,ENNIS INC,Industrials
FISI,FINANCIAL INSTITUTIONS INC,Financials
ICPT,INTERCEPT PHARMACEUTICALS INC,Health Care
RMR,RMR GROUP INC CLASS A,Real Estate
TALO,TALOS ENERGY INC,Energy
FNKO,FUNKO INC CLASS A,Consumer Discretionary
TR,TOOTSIE ROLL INDUSTRIES INC,Consumer Staples
DSPG,DSP GROUP INC,Information Technology
BFST,BUSINESS FIRST BANCSHARES INC,Financials
ALT,ALTIMMUNE INC,Health Care
RYAM,RAYONIER ADVANCED MATERIALS INC,Materials
RIDE,LORDSTOWN MOTORS CORP CLASS A,Consumer Discretionary
GTHX,G1 THERAPEUTICS INC,Health Care
OPY,OPPENHEIMER HOLDINGS NON VOTING IN,Financials
APR,APRIA INC,Health Care
CNXN,PC CONNECTION INC,Information Technology
CLVS,CLOVIS ONCOLOGY INC,Health Care
VTGN,VISTAGEN THERAPEUTICS INC,Health Care
BCOV,BRIGHTCOVE INC,Information Technology
REX,REX AMERICAN RESOURCES CORP,Energy
GCMG,GCM GROSVENOR INC CLASS A,Financials
SPNE,SEASPINE HOLDINGS CORP,Health Care
EQBK,EQUITY BANCSHARES INC CLASS A,Financials
CENT,CENTRAL GARDEN AND PET,Consumer Staples
MSFUT,CASH COLLATERAL MSFUT USD,Cash and/or Derivatives
USM,UNITED STATES CELLULAR CORP,Communication
FLIC,FIRST OF LONG ISLAND CORP,Financials
HY,HYSTER YALE MATERIALS HANDLING INC,Industrials
TBPH,THERAVANCE BIOPHARMA INC,Health Care
ALRS,ALERUS FINANCIAL CORP,Financials
PCT,PURECYCLE TECHNOLOGIES INC,Materials
GIC,GLOBAL INDUSTRIAL,Industrials
CLSK,CLEANSPARK INC,Information Technology
VAPO,VAPOTHERM INC,Health Care
VSTM,VERASTEM INC,Health Care
LIND,LINDBLAD EXPEDITIONS HOLDINGS INC,Consumer Discretionary
APEI,AMERICAN PUBLIC EDUCATION INC,Consumer Discretionary
UFCS,UNITED FIRE GROUP INC,Financials
AGTI,AGILITI INC,Health Care
RRD,RR DONNELLEY AND SONS,Industrials
BFC,BANK FIRST CORP,Financials
RM,REGIONAL MANAGEMENT CORP,Financials
HEAR,TURTLE BEACH CORP,Information Technology
LEU,CENTRUS ENERGY CORP CLASS A,Energy
ATOM,ATOMERA INC,Information Technology
RVI,RETAIL VALUE INC,Real Estate
HTBI,HOMETRUST BANCSHARES INC,Financials
BXC,BLUELINX HOLDINGS INC,Industrials
HCCI,HERITAGE CRYSTAL INC,Industrials
VLDR,VELODYNE LIDAR INC,Information Technology
REVG,REV GROUP INC,Industrials
IBCP,INDEPENDENT BANK CORP,Financials
XMTR,XOMETRY INC CLASS A,Consumer Discretionary
EPZM,EPIZYME INC,Health Care
NAPA,DUCKHORN PORTFOLIO INC,Consumer Staples
NESR,NATIONAL ENERGY SERVICES REUNITED,Energy
WSBF,WATERSTONE FINANCIAL INC,Financials
CSTR,CAPSTAR FINANCIAL HOLDINGS INC,Financials
MCRB,SERES THERAPEUTICS INC,Health Care
OFLX,OMEGA FLEX INC,Industrials
STOK,STOKE THERAPEUTICS INC,Health Care
NOTV,INOTIV INC,Health Care
ALHC,ALIGNMENT HEALTHCARE INC,Health Care
FLXN,FLEXION THERAPEUTICS INC,Health Care
XXII,22ND CENTURY GROUP INC,Consumer Staples
PRVA,PRIVIA HEALTH GROUP INC,Health Care
MOFG,MIDWESTONE FINANCIAL GROUP INC,Financials
ALTO,ALTO INGREDIENTS INC,Energy
NPTN,NEOPHOTONICS CORP,Information Technology
PGEN,PRECIGEN INC,Health Care
DYN,DYNE THERAPEUTICS INC,Health Care
UFPT,UFP TECHNOLOGIES INC,Materials
PAHC,PHIBRO ANIMAL HEALTH CORP CLASS A,Health Care
EVC,ENTRAVISION COMMUNICATIONS CORP CL,Communication
AMSC,AMERICAN SUPERCONDUCTOR CORP,Industrials
BNED,BARNES AND NOBLE EDUCATION INC,Consumer Discretionary
FMNB,FARMERS NATIONAL BANC CORP,Financials
FREE,WHOLE EARTH BRANDS INC CLASS A,Consumer Staples
MCS,THE MARCUS CORP,Communication
VITL,VITAL FARMS INC,Consumer Staples
AMK,ASSETMARK FINANCIAL HOLDINGS INC,Financials
MRNS,MARINUS PHARMACEUTICALS INC,Health Care
ONEW,ONEWATER MARINE CLASS A INC,Consumer Discretionary
EZPW,EZCORP NON VOTING INC CLASS A,Financials
RMNI,RIMINI STREET INC,Information Technology
AVD,AMER VANGUARD CORP,Materials
DMRC,DIGIMARC CORP,Information Technology
NPK,NATIONAL PRESTO INDUSTRIES INC,Industrials
TTI,TETRA TECHNOLOGIES INC,Energy
ASXC,ASENSUS SURGICAL INC,Health Care
WSR,WHITESTONE REIT,Real Estate
SPRO,SPERO THERAPEUTICS INC,Health Care
MVBF,MVB FINANCIAL CORP,Financials
PLRX,PLIANT THERAPEUTICS INC,Health Care
OMER,OMEROS CORP,Health Care
MBIN,MERCHANTS BANCORP,Financials
COOK,TRAEGER INC,Consumer Discretionary
HOV,HOVNANIAN ENTERPRISES INC CLASS A,Consumer Discretionary
APYX,APYX MEDICAL CORP,Health Care
BHB,BAR HARBOR BANKSHARES,Financials
CMRX,CHIMERIX INC,Health Care
ALDX,ALDEYRA THERAPEUTICS INC,Health Care
VPG,VISHAY PRECISION GROUP INC,Information Technology
MCBS,METROCITY BANKSHARES INC,Financials
RBBN,RIBBON COMMUNICATIONS INC,Information Technology
LXRX,LEXICON PHARMACEUTICALS INC,Health Care
GERN,GERON CORP,Health Care
OIS,OIL STATES INTERNATIONAL INC,Energy
OOMA,OOMA INC,Communication
EGLE,EAGLE BULK SHIPPING INC,Industrials
BLFY,BLUE FOUNDRY BANCORP,Financials
SFT,SHIFT TECHNOLOGIES INC CLASS A,Consumer Discretionary
WTI,W AND T OFFSHORE INC,Energy
TSHA,TAYSHA GENE THERAPIES INC,Health Care
MASS,908 DEVICES,Information Technology
KPTI,KARYOPHARM THERAPEUTICS INC,Health Care
VEI,VINE ENERGY INC CLASS A,Energy
IPI,INTREPID POTASH INC,Materials
PAE,PAE INC CLASS A,Industrials
VKTX,VIKING THERAPEUTICS INC,Health Care
BCAB,BIOATLA INC,Health Care
AUD,AUDACY INC CLASS A,Communication
RCEL,AVITA THERAPEUTICS INC,Health Care
SFST,SOUTHERN FIRST BANCSHARES INC,Financials
DJCO,DAILY JOURNAL CORP,Communication
IESC,IES INC,Industrials
FLDM,FLUIDIGM CORP,Health Care
ZIXI,ZIX CORP,Information Technology
CZNC,CITIZENS AND NORTHERN CORP,Financials
GEFB,GREIF INC CLASS B,Materials
CCNE,CNB FINANCIAL CORP,Financials
CURO,CURO GROUP HOLDINGS CORP,Financials
REKR,REKOR SYSTEMS INC,Information Technology
ORGO,ORGANOGENESIS HOLDINGS INC CLASS A,Health Care
CONN,CONNS INC,Consumer Discretionary
CVLG,COVENANT LOGISTICS GROUP INC CLASS,Industrials
KDNY,CHINOOK THERAPEUTICS INC,Health Care
MGTX,MEIRAGTX HOLDINGS PLC,Health Care
NAT,NORDIC AMERICAN TANKERS LTD,Energy
FLL,FULL HOUSE RESORTS INC,Consumer Discretionary
CRBU,CARIBOU BIOSCIENCES INC,Health Care
CPS,COOPER STANDARD HOLDINGS INC,Consumer Discretionary
CUE,CUE BIOPHARMA INC,Health Care
TRUE,TRUECAR INC,Communication
SELB,SELECTA BIOSCIENCES INC,Health Care
RLMD,RELMADA THERAPEUTICS INC,Health Care
CNTY,CENTURY CASINOS INC,Consumer Discretionary
BWB,BRIDGEWATER BANCSHARES INC,Financials
KBAL,KIMBALL INTERNATIONAL INC CLASS B,Industrials
BHG,BRIGHT HEALTH GROUP INC,Financials
INVE,IDENTIV INC,Information Technology
CTOS,CUSTOM TRUCK ONE SOURCE INC,Industrials
FRPH,FRP HOLDINGS INC,Real Estate
DSKE,DASEKE INC,Industrials
XONE,EXONE,Industrials
LPG,DORIAN LPG LTD,Energy
KOPN,KOPIN CORP,Information Technology
AMOT,ALLIED MOTION TECHNOLOGIES INC,Industrials
CVM,CEL SCI CORP,Health Care
CARE,CARTER BANKSHARES TRUST,Financials
MAX,MEDIAALPHA INC CLASS A,Communication
RES,RPC INC,Energy
BDSI,BIODELIVERY SCIENCES INTERNATIONAL,Health Care
GNUS,GENIUS BRANDS INTERNATIONAL INC,Consumer Discretionary
GRTS,GRITSTONE BIO INC,Health Care
WTTR,SELECT ENERGY SERVICES INC CLASS A,Energy
APPH,APPHARVEST INC,Consumer Staples
UVE,UNIVERSAL INSURANCE HOLDINGS INC,Financials
IAS,INTEGRAL AD SCIENCE HOLDING CORP,Communication
OSBC,OLD SECOND BANCORP INC,Financials
ZIOP,ZIOPHARM ONCOLOGY INC,Health Care
FRST,PRIMIS FINANCIAL CORP,Financials
RBB,RBB BANCORP,Financials
BYRN,BYRNA TECHNOLOGIES INC,Industrials
WLDN,WILLDAN GROUP INC,Industrials
MLR,MILLER INDUSTRIES INC,Industrials
IMVT,IMMUNOVANT INC,Health Care
AMNB,AMERICAN NATIONAL BANKSHARES INC,Financials
PASG,PASSAGE BIO INC,Health Care
YELL,YELLOW CORP,Industrials
SMBK,SMARTFINANCIAL INC,Financials
MPAA,MOTORCAR PARTS OF AMERICA INC,Consumer Discretionary
RYI,RYERSON HOLDING CORP,Materials
CIVB,CIVISTA BANCSHARES INC,Financials
ARAY,ACCURAY INC,Health Care
SMBC,SOUTHERN MISSOURI BANCORP INC,Financials
BVH,BLUEGREEN VACATIONS HOLDING CORP C,Consumer Discretionary
TRC,TEJON RANCH,Real Estate
ERAS,ERASCA INC,Health Care
ATOS,ATOSSA THERAPEUTICS INC,Health Care
CCBG,CAPITAL CITY BANK INC,Financials
PRVB,PROVENTION BIO INC,Health Care
BYSI,BEYONDSPRING INC,Health Care
SIGA,SIGA TECHNOLOGIES INC,Health Care
AOUT,AMERICAN OUTDOOR BRANDS INC,Consumer Discretionary
AKTS,AKOUSTIS TECHNOLOGIES INC,Information Technology
BSRR,SIERRA BANCORP,Financials
KALV,KALVISTA PHARMACEUTICALS INC,Health Care
RRGB,RED ROBIN GOURMET BURGERS INC,Consumer Discretionary
CMBM,CAMBIUM NETWORKS CORP,Information Technology
SENEA,SENECA FOODS CORP CLASS A,Consumer Staples
CATO,CATO CORP CLASS A,Consumer Discretionary
CAMP,CALAMP CORP,Information Technology
TWI,TITAN INTERNATIONAL INC,Industrials
EBTC,ENTERPRISE BANCORP INC,Financials
BW,BABCOCK AND WILCOX ENTERPRISES INC,Industrials
ANIP,ANI PHARMACEUTICALS INC,Health Care
CTKB,CYTEK BIOSCIENCES INC,Health Care
FOR,FORESTAR GROUP INC,Real Estate
ABUS,ARBUTUS BIOPHARMA CORP,Health Care
SIEN,SIENTRA INC,Health Care
CTMX,CYTOMX THERAPEUTICS INC,Health Care
ICVX,ICOSAVAX INC,Health Care
CIA,CITIZENS INC CLASS A,Financials
NR,NEWPARK RESOURCES INC,Energy
TIPT,TIPTREE INC,Financials
TNK,TEEKAY TANKERS LTD CLASS A,Energy
PFIS,PEOPLES FINANCIAL SERVICES CORP,Financials
CCB,COASTAL FINANCIAL CORP,Financials
ATRO,ASTRONICS CORP,Industrials
EVER,EVERQUOTE INC CLASS A,Communication
CLPT,CLEARPOINT NEURO INC,Health Care
MEIP,MEI PHARMA INC,Health Care
CNBKA,CENTURY BANCORP INC CLASS A,Financials
LE,LAND END INC,Consumer Discretionary
RCKY,ROCKY BRANDS INC,Consumer Discretionary
AMPE,AMPIO PHARMACEUTICALS INC,Health Care
LOCO,EL POLLO LOCO INC,Consumer Discretionary
AGLE,AEGLEA BIOTHERAPEUTICS INC,Health Care
URGN,UROGEN PHARMA LTD,Health Care
KNSA,KINIKSA PHARMACEUTICALS LTD CLASS,Health Care
BASE,COUCHBASE INC,Information Technology
RUSHB,RUSH ENTERPRISES INC CLASS B,Industrials
BLBD,BLUE BIRD CORP,Industrials
BRBS,BLUE RIDGE BANKSHARES INC,Financials
BOLT,BOLT BIOTHERAPEUTICS INC,Health Care
TG,TREDEGAR CORP,Materials
FPI,FARMLAND PARTNERS INC,Real Estate
URG,UR ENERGY INC,Energy
AJX,GREAT AJAX CORP,Financials
CVGI,COMMERCIAL VEHICLE GROUP INC,Industrials
TIL,INSTIL BIO INC,Health Care
SSTI,SHOTSPOTTER INC,Information Technology
ATLC,ATLANTICUS HOLDINGS CORP,Financials
ARTNA,ARTESIAN RESOURCES CORP CLASS A,Utilities
TCS,CONTAINER STORE GROUP INC,Consumer Discretionary
LLNW,LIMELIGHT NETWORKS INC,Information Technology
DNUT,KRISPY KREME INC,Consumer Discretionary
KODK,EASTMAN KODAK,Information Technology
AXTI,AXT INC,Information Technology
CDXC,CHROMADEX CORP,Health Care
TLYS,TILLYS INC CLASS A,Consumer Discretionary
CTO,CTO REALTY GROWTH INC,Real Estate
NVEC,NVE CORP,Information Technology
LYEL,LYELL IMMUNOPHARMA INC,Health Care
STXB,SPIRIT OF TEXAS BANCSHARES INC,Financials
SPPI,SPECTRUM PHARMACEUTICALS INC,Health Care
FNLC,FIRST BANCORP INC,Financials
ATHA,ATHIRA PHARMA INC,Health Care
SWIM,LATHAM GROUP INC,Consumer Discretionary
INS,INTELLIGENT SYSTEMS CORP,Information Technology
PCYO,PURE CYCLE CORP,Utilities
KIRK,KIRKLANDS INC,Consumer Discretionary
SB,SAFE BULKERS INC,Industrials
UFI,UNIFI INC,Consumer Discretionary
HOFT,HOOKER FURNISHINGS CORP,Consumer Discretionary
MSON,MISONIX INC,Health Care
RFL,RAFAEL HOLDINGS INC CLASS B,Real Estate
ALGS,ALIGOS THERAPEUTICS INC,Health Care
LCTX,LINEAGE CELL THERAPEUTICS INC,Health Care
HBCP,HOME BANCORP INC,Financials
APLT,APPLIED THERAPEUTICS INC,Health Care
UTMD,UTAH MEDICAL PRODUCTS INC,Health Care
COGT,COGENT BIOSCIENCES INC,Health Care
MESA,MESA AIR GROUP INC,Industrials
FUV,ARCIMOTO INC,Consumer Discretionary
INBK,FIRST INTERNET BANCORP,Financials
KZR,KEZAR LIFE SCIENCES INC,Health Care
DRRX,DURECT CORP,Health Care
EVCM,EVERCOMMERCE INC,Information Technology
HT,HERSHA HOSPITALITY REIT TRUST CLAS,Real Estate
INST,INSTRUCTURE HOLDINGS INC,Information Technology
SMMF,SUMMIT FINANCIAL GROUP INC,Financials
WEBR,WEBER INC CLASS A,Consumer Discretionary
HBMD,HOWARD BANCORP INC,Financials
INDT,INDUS REALTY TRUST INC,Real Estate
QMCO,QUANTUM CORP,Information Technology
HGEN,HUMANIGEN INC,Health Care
CSTE,CAESARSTONE LTD,Industrials
SQZ,SQZ BIOTECHNOLOGIES COMPANY,Health Care
GNTY,GUARANTY BANCSHARES INC,Financials
KRO,KRONOS WORLDWIDE INC,Materials
RXDX,PROMETHEUS BIOSCIENCES INC,Health Care
NLS,NAUTILUS INC,Consumer Discretionary
FXLV,F45 TRAINING HOLDINGS INC,Consumer Discretionary
PLSE,PULSE BIOSCIENCES INC,Health Care
EWCZ,EUROPEAN WAX CENTER INC CLASS A,Consumer Discretionary
IEA,INFRASTRUCTURE AND ENERGY ALTERNAT,Industrials
STXS,STEREOTAXIS INC,Health Care
SGC,SUPERIOR GROUP OF COMPANIES INC,Consumer Discretionary
KMPH,KEMPHARM INC,Health Care
MPB,MID PENN BANCORP INC,Financials
LUNA,LUNA INNOVATIONS INC,Information Technology
CBAY,CYMABAY THERAPEUTICS INC,Health Care
FIXX,HOMOLOGY MEDICINES INC,Health Care
ALTM,ALTUS MIDSTREAM CLASS A,Energy
NMTR,9 METERS BIOPHARMA INC,Health Care
VOR,VOR BIOPHARMA INC,Health Care
TACO,DEL TACO RESTAURANTS INC,Consumer Discretionary
CTSO,CYTOSORBENTS CORP,Health Care
TXMD,THERAPEUTICSMD INC,Health Care
JNCE,JOUNCE THERAPEUTICS INC,Health Care
ACTG,ACACIA RESEARCH CORP,Industrials
AVAH,AVEANNA HEALTHCARE HOLDINGS INC,Health Care
NKTX,NKARTA INC,Health Care
ATHX,ATHERSYS INC,Health Care
BTX,BROOKLYN IMMUNOTHERAPEUTICS INC,Health Care
SPFI,SOUTH PLAINS FINANCIAL INC,Financials
CURI,CURIOSITYSTREAM CLASS A,Communication
SURF,SURFACE ONCOLOGY INC,Health Care
BNFT,BENEFITFOCUS INC,Information Technology
BATRA,LIBERTY MEDIA LIBERTY BRAVES CORP,Communication
VRA,VERA BRADLEY INC,Consumer Discretionary
JANX,JANUX THERAPEUTICS INC,Health Care
EMKR,EMCORE CORP,Information Technology
NRIM,NORTHRIM BANCORP INC,Financials
ORRF,ORRSTOWN FINANCIAL SERVICES INC,Financials
MLNK,MERIDIANLINK INC,Information Technology
TNYA,TENAYA THERAPEUTICS INC,Health Care
PKE,PARK AEROSPACE CORP,Industrials
SYRS,SYROS PHARMACEUTICALS INC,Health Care
ESPR,ESPERION THERAPEUTICS INC,Health Care
MTRX,MATRIX SERVICE,Industrials
TMCI,TREACE MEDICAL CONCEPTS INC,Health Care
ESTE,EARTHSTONE ENERGY INC CLASS A,Energy
VHC,VIRNETX HOLDING CORP,Information Technology
ALTG,ALTA EQUIPMENT GROUP INC CLASS A,Industrials
SOI,SOLARIS OILFIELD INFRASTRUCTURE IN,Energy
HBIO,HARVARD BIOSCIENCE INC,Health Care
LOTZ,CARLOTZ INC CLASS A,Consumer Discretionary
FSBW,FS BANCORP INC,Financials
MTEM,MOLECULAR TEMPLATES INC,Health Care
BEEM,BEAM GLOBAL,Industrials
AKUS,AKOUOS INC,Health Care
VIRX,VIRACTA THERAPEUTICS INC,Health Care
ESGC,EROS STX GLOBAL CORP CLASS A,Communication
LAWS,LAWSON PRODUCTS INC,Industrials
GPX,GP STRATEGIES CORP,Industrials
EBET,ESPORTS TECHNOLOGIES INC,Consumer Discretionary
SCOR,COMSCORE INC,Communication
BHR,BRAEMAR HOTELS RESORTS INC,Real Estate
LTRPA,LIBERTY TRIPADVISOR HOLDINGS INC S,Communication
LMNR,LIMONEIRA,Consumer Staples
SGHT,SIGHT SCIENCES INC,Health Care
ZEUS,OLYMPIC STEEL INC,Materials
EOLS,EVOLUS INC,Health Care
TCRR,TCR2 THERAPEUTICS INC,Health Care
NLTX,NEOLEUKIN THERAPEUTICS INC,Health Care
STKS,ONE GROUP HOSPITALITY INC,Consumer Discretionary
PVBC,PROVIDENT BANCORP INC,Financials
PCSB,PCSB FINANCIAL CORP,Financials
INFI,INFINITY PHARMACEUTICALS INC,Health Care
GHL,GREENHILL INC,Financials
TK,TEEKAY CORP,Energy
CRDF,CARDIFF ONCOLOGY INC,Health Care
AMAL,AMALGAMATED FINANCIAL,Financials
SMSI,SMITH MICRO SOFTWARE INC,Information Technology
NWPX,NORTHWEST PIPE,Industrials
AHT,ASHFORD HOSPITALITY TRUST REIT INC,Real Estate
EVLO,EVELO BIOSCIENCES INC,Health Care
FHTX,FOGHORN THERAPEUTICS,Health Care
ITIC,INVESTORS TITLE,Financials
FRBA,FIRST BANK,Financials
GTYH,GTY TECHNOLOGY HOLDINGS INC,Information Technology
PRTK,PARATEK PHARMACEUTICALS INC,Health Care
LNDC,LANDEC CORP,Consumer Staples
RRBI,RED RIVER BANCSHARES INC,Financials
OCN,OCWEN FINANCIAL CORP,Financials
FTSI,FTS INTERNATIONAL INC,Energy
GWRS,GLOBAL WATER RESOURCES INC,Utilities
DS,DRIVE SHACK REIT INC,Consumer Discretionary
GLUE,MONTE ROSA THERAPEUTICS INC,Health Care
INTA,INTAPP INC,Information Technology
DAWN,DAY ONE BIOPHARMACEUTICALS INC,Health Care
SOLY,SOLITON INC,Health Care
LCUT,LIFETIME BRANDS INC,Consumer Discretionary
USLM,UNITED STATES LIME AND MINERALS IN,Materials
CDAK,CODIAK BIOSCIENCES,Health Care
ICAD,ICAD INC,Health Care
AWH,ASPIRA WOMENS HEALTH INC,Health Care
FLMN,FALCON MINERALS CORP CLASS A,Energy
ATNX,ATHENEX INC,Health Care
NEXI,NEXIMMUNE INC,Health Care
POWL,POWELL INDUSTRIES INC,Industrials
QTNT,QUOTIENT LTD,Health Care
INFU,INFUSYSTEM HOLDINGS INC,Health Care
EYPT,EYEPOINT PHARMACEUTICALS INC,Health Care
CTXR,CITIUS PHARMACEUTICALS INC,Health Care
HNST,THE HONEST COMPANY INC,Consumer Staples
USX,U S XPRESS ENTERPRISES INC CLASS A,Industrials
MHLD,MAIDEN HOLDINGS LTD,Financials
PSTL,POSTAL REALTY TRUST INC CLASS A,Real Estate
EIGR,EIGER BIOPHARMACEUTICALS INC,Health Care
RLGT,RADIANT LOGISTIC INC,Industrials
TARS,TARSUS PHARMACEUTICALS INC,Health Care
GRPH,GRAPHITE BIO INC,Health Care
BVS,BIOVENTUS CLASS A INC,Health Care
IRMD,IRADIMED CORP,Health Care
FDBC,FIDELITY D AND D BANCORP INC,Financials
ITI,ITERIS INC,Information Technology
AGS,PLAYAGS INC,Consumer Discretionary
THRY,THRYV HOLDINGS INC,Communication
SEEL,SEELOS THERAPEUTICS INC,Health Care
ZYXI,ZYNEX INC,Health Care
FREQ,FREQUENCY THERAPEUTICS INC,Health Care
NGMS,NEOGAMES S A,Consumer Discretionary
FBIO,FORTRESS BIOTECH INC,Health Care
BRT,BRT APARTMENTS CORP,Real Estate
DGICA,DONEGAL GROUP INC CLASS A,Financials
CECE,CECO ENVIRONMENTAL CORP,Industrials
IMGO,IMAGO BIOSCIENCES INC,Health Care
IHC,INDEPENDENCE HOLDING,Financials
HFFG,HF FOODS GROUP INC,Consumer Staples
EWTX,EDGEWISE THERAPEUTICS INC,Health Care
MCBC,MACATAWA BANK CORP,Financials
NNBR,NN INC,Industrials
CBNK,CAPITAL BANCORP INC,Financials
LBC,LUTHER BURBANK CORP,Financials
ATER,ATERIAN INC,Consumer Discretionary
EGAN,EGAIN CORP,Information Technology
PBYI,PUMA BIOTECHNOLOGY INC,Health Care
ZY,ZYMERGEN INC,Materials
AVNW,AVIAT NETWORKS INC,Information Technology
IPSC,CENTURY THERAPEUTICS INC,Health Care
FLXS,FLEXSTEEL INDUSTRIES INC,Consumer Discretionary
NCMI,NATIONAL CINEMEDIA INC,Communication
AQB,AQUABOUNTY TECHNOLOGIES INC,Health Care
AVRO,AVROBIO INC,Health Care
MGTA,MAGENTA THERAPEUTICS INC,Health Care
AXDX,ACCELERATE DIAGNOSTICS INC,Health Care
PLPC,PREFORMED LINE PRODUCTS,Industrials
IBIO,IBIO INC,Health Care
BBCP,CONCRETE PUMPING HOLDINGS INC,Industrials
DAKT,DAKTRONICS INC,Information Technology
AFCG,AFC GAMMA INC,Financials
CSLT,CASTLIGHT HEALTH INC CLASS B,Health Care
VMD,VIEMED HEALTHCARE INC,Health Care
OCX,ONCOCYTE CORP,Health Care
NUVL,NUVALENT INC CLASS A,Health Care
DZSI,DZS INC,Information Technology
OUST,OUSTER INC CLASS A,Information Technology
SCWX,SECUREWORKS CLASS A CORP,Information Technology
XBIT,XBIOTECH INC,Health Care
PKOH,PARK OHIO HOLDINGS CORP,Industrials
OTLK,OUTLOOK THERAPEUTICS INC,Health Care
UAVS,AGEAGLE AERIAL SYS INC,Industrials
FORA,FORIAN INC,Health Care
ESCA,ESCALADE INC,Consumer Discretionary
FF,FUTUREFUEL CORP,Materials
DSGN,DESIGN THERAPEUTICS INC,Health Care
PSTX,POSEIDA THERAPEUTICS INC,Health Care
MG,MISTRAS GROUP INC,Industrials
ANGN,ANGION BIOMEDICA CORP,Health Care
TRVN,TREVENA INC,Health Care
TNXP,TONIX PHARMACEUTICALS HOLDING CORP,Health Care
NBEV,NEWAGE INC,Consumer Staples
MRLN,MARLIN BUSINESS SERVICES CORP,Financials
SNPO,SNAP ONE HOLDINGS CORP,Consumer Discretionary
HMTV,HEMISPHERE MEDIA GROUP INC CLASS A,Communication
XL,XL FLEET CORP CLASS A,Consumer Discretionary
GLRE,GREENLIGHT CAPITAL LTD CLASS A,Financials
HRTG,HERITAGE INSURANCE HOLDINGS INC,Financials
CASA,CASA SYSTEMS INC,Information Technology
SBTX,SILVERBACK THERAPEUTICS INC,Health Care
FRGI,FIESTA RESTAURANT GROUP INC,Consumer Discretionary
ODC,OIL DRI CORPORATION OF AMERICA,Consumer Staples
CRMD,CORMEDIX INC,Health Care
ONCR,ONCORUS INC,Health Care
ETNB,89BIO INC,Health Care
SKYT,SKYWATER TECHNOLOGY INC,Information Technology
VLGEA,VILLAGE SUPER MARKET INC CLASS A,Consumer Staples
BDTX,BLACK DIAMOND THERAPEUTICS INC,Health Care
DRIO,DARIOHEALTH CORP,Health Care
TKNO,ALPHA TEKNOVA INC,Health Care
VINC,VINCERX PHARMA INC,Health Care
ONCT,ONCTERNAL THERAPEUTICS INC,Health Care
IMRX,IMMUNEERING CORP CLASS A,Health Care
VOXX,VOXX INTERNATIONAL CORP CLASS A,Consumer Discretionary
WVE,WAVE LIFE SCIENCES LTD,Health Care
ADVM,ADVERUM BIOTECHNOLOGIES INC,Health Care
NATR,NATURES SUNSHINE PRODUCTS INC,Consumer Staples
TIG,TREAN INSURANCE GROUP INC,Financials
KLTR,KALTURA INC,Information Technology
RVP,RETRACTABLE TECHNOLOGIES INC,Health Care
AVTE,AEROVATE THERAPEUTICS INC,Health Care
VATE,INNOVATE CORP,Industrials
CURV,TORRID HOLDINGS INC,Consumer Discretionary
MXCT,MAXCYTE INC,Health Care
ALKT,ALKAMI TECHNOLOGY INC,Information Technology
BSET,BASSETT FURNITURE INDUSTRIES INC,Consumer Discretionary
NODK,NI HOLDINGS INC,Financials
PRLD,PRELUDE THERAPEUTICS INC,Health Care
AFIB,ACUTUS MEDICAL INC,Health Care
CELC,CELCUITY INC,Health Care
NATH,NATHANS FAMOUS INC,Consumer Discretionary
DLTH,DULUTH HOLDINGS INC CLASS B,Consumer Discretionary
EVI,EVI INDUSTRIES INC,Industrials
MEC,MAYVILLE ENGINEERING COMPANY INC,Industrials
KRUS,KURA SUSHI USA INC,Consumer Discretionary
PZN,PZENA INVESTMENT MANAGEMENT INC CL,Financials
STIM,NEURONETICS INC,Health Care
SNSE,SENSEI BIOTHERAPEUTICS INC,Health Care
MBIO,MUSTANG BIO INC,Health Care
PTSI,PAM TRANSPORTATION SERVICES INC,Industrials
ASLE,AERSALE CORP,Industrials
CDZI,CADIZ INC,Utilities
FOA,FINANCE OF AMERICA COMPANIES INC C,Financials
GLSI,GREENWICH LIFESCIENCES INC,Health Care
XOMA,XOMA CORP,Health Care
SESN,SESEN BIO INC,Health Care
HBT,HBT FINANCIAL INC,Financials
ACET,ADICET BIO INC,Health Care
LAZY,LAZYDAYS HOLDINGS INC,Consumer Discretionary
VRCA,VERRICA PHARMACEUTICALS INC,Health Care
ADN,ADVENT TECHNOLOGIES HOLDINGS INC C,Industrials
IVC,INVACARE CORP,Health Care
OMIC,SINGULAR GENOMICS SYSTEMS INC,Health Care
LVO,LIVEONE INC,Communication
ULH,UNIVERSAL LOGISTICS INC,Industrials
CYT,CYTEIR THERAPEUTICS INC,Health Care
CRDA,CRAWFORD CLASS A,Financials
CSSE,CHICKEN SOUP FOR THE SOUL ENTERTAI,Communication
PBFS,PIONEER BANCORP INC,Financials
TERN,TERNS PHARMACEUTICALS INC,Health Care
GBL,GAMCO INVESTORS INC CLASS A,Financials
DSP,VIANT TECHNOLOGY INC CLASS A,Information Technology
INZY,INOZYME PHARMA INC,Health Care
BCEL,ATRECA INC CLASS A,Health Care
AOMR,ANGEL OAK MORTGAGE INC,Financials
HOFV,HALL OF FAME RESORT ENTERTAINMENT,Consumer Discretionary
FSBC,FIVE STAR BANCORP,Financials
KVHI,KVH INDUSTRIES INC,Information Technology
LEGH,LEGACY HOUSING CORP,Consumer Discretionary
OYST,OYSTER POINT PHARMA INC,Health Care
HYRE,HYRECAR INC,Industrials
ABSI,ABSCI CORP,Health Care
VIA,VIA RENEWABLES INC CLASS A,Utilities
SLDB,SOLID BIOSCIENCES INC,Health Care
BH,BIGLARI HOLDINGS INCINARY CLASS B,Consumer Discretionary
XGN,EXAGEN INC,Health Care
RPID,RAPID MICRO BIOSYSTEMS INC CLASS A,Health Care
ALPN,ALPINE IMMUNE SCIENCES INC,Health Care
GBOX,GREENBOX POS,Information Technology
TALS,TALARIS THERAPEUTICS INC,Health Care
PPTA,PERPETUA RESOURCES CORP,Materials
ATCX,ATLAS TECHNICAL CONSULTANTS INC CL,Industrials
CVRX,CVRX INC,Health Care
OMGA,OMEGA THERAPEUTICS INC,Health Care
HARP,HARPOON THERAPEUTICS INC,Health Care
ABOS,ACUMEN PHARMACEUTICALS INC,Health Care
IMUX,IMMUNIC INC,Health Care
FTCI,FTC SOLAR INC,Industrials
JOAN,JOANN INC,Consumer Discretionary
TAST,CARROLS RESTAURANT GROUP INC,Consumer Discretionary
EAR,EARGO INC,Health Care
XPOF,XPONENTIAL FITNESS INC CLASS A,Consumer Discretionary
OB,OUTBRAIN INC,Communication
VERA,VERA THERAPEUTICS INC CLASS A,Health Care
FRBK,REPUBLIC FIRST BANCORP INC,Financials
ZVIA,ZEVIA CLASS A,Consumer Staples
MILE,METROMILE INC,Financials
CSPR,CASPER SLEEP INC,Consumer Discretionary
HOWL,WEREWOLF THERAPEUTICS INC,Health Care
EEX,EMERALD HOLDING INC,Communication
AVTX,AVALO THERAPEUTICS INC,Health Care
FTHM,FATHOM HOLDINGS INC,Real Estate
RLYB,RALLYBIO CORP,Health Care
CLNN,CLENE,Health Care
TLMD,SOC TELEMED INC CLASS A,Health Care
SMMT,SUMMIT THERAPEUTICS INC,Health Care
INNV,INNOVAGE HOLDING CORP,Health Care
WLFC,WILLIS LEASE FINANCE CORP,Industrials
NGVC,NATURAL GROCERS BY VITAMIN COTTAGE,Consumer Staples
NPCE,NEUROPACE INC,Health Care
ARDX,ARDELYX INC,Health Care
GTBP,GT BIOPHARMA INC,Health Care
KALA,KALA PHARMACEUTICALS INC,Health Care
LSF,LAIRD SUPERFOOD INC,Consumer Staples
HBB,HAMILTON BEACH BRANDS HOLDING COMP,Consumer Discretionary
SMED,SHARPS COMPLIANCE CORP,Health Care
VEL,VELOCITY FINANCIAL INC,Financials
RXST,RXSIGHT INC,Health Care
CNVY,CONVEY HOLDING PARENT INC,Health Care
ELYM,ELIEM THERAPEUTICS INC,Health Care
MPX,MARINE PRODUCTS CORP,Consumer Discretionary
BMEA,BIOMEA FUSION INC,Health Care
IKNA,IKENA ONCOLOGY INC,Health Care
CLPR,CLIPPER REALTY INC,Real Estate
KLDO,KALEIDO BIOSCIENCES INC,Health Care
HOOK,HOOKIPA PHARMA INC,Health Care
FLNT,FLUENT INC,Communication
HQI,HIREQUEST INC,Industrials
RAIN,RAIN THERAPEUTICS INC,Health Care
PLM,POLYMET MINING CORP,Materials
IBEX,IBEX LTD,Information Technology
MBII,MARRONE BIO INNOVATIONS INC,Materials
DIBS,1STDIBS COM INC,Consumer Discretionary
TH,TARGET HOSPITALITY CORP,Consumer Discretionary
LSEA,LANDSEA HOMES CORP,Consumer Discretionary
AKYA,AKOYA BIOSCIENCES INC,Health Care
SRT,STARTEK INC,Information Technology
KRT,KARAT PACKAGING INC,Industrials
BDSX,BIODESIX INC,Health Care
UIHC,UNITED INSURANCE HOLDINGS CORP,Financials
FNCH,FINCH THERAPEUTICS GROUP INC,Health Care
TLIS,TALIS BIOMEDICAL CORP,Health Care
DNAY,CODEX DNA INC,Health Care
GMTX,GEMINI THERAPEUTICS INC,Health Care
OTRK,ONTRAK INC,Health Care
STON,STONEMOR INC,Consumer Discretionary
SGTX,SIGILON THERAPEUTICS INC,Health Care
RGS,REGIS CORP,Consumer Discretionary
REV,REVLON INC CLASS A,Consumer Staples
PRTG,PORTAGE BIOTECH INC,Health Care
TISI,TEAM INC,Industrials
LABP,LANDOS BIOPHARMA INC,Health Care
AC,ASSOCIATED CAPITAL GROUP INC CLASS,Financials
MIRM,MIRUM PHARMACEUTICALS INC,Health Care
VHI,VALHI INC,Materials
REPX,RILEY EXPLORATION PERMIAN INC,Energy
HPK,HIGHPEAK ENERGY INC,Energy
PRTH,PRIORITY TECHNOLOGY HOLDINGS INC,Information Technology
NL,NL INDUSTRIES INC,Industrials
IMPL,IMPEL NEUROPHARMA INC,Health Care
SERA,SERA PROGNOSTICS INC CLASS A,Health Care
NH,NANTHEALTH INC,Health Care
SPRB,SPRUCE BIOSCIENCES INC,Health Care
RPHM,RENEO PHARMACEUTICALS INC,Health Care
CIX,COMPX INTERNATIONAL INC,Industrials
VALU,VALUE LINE INC,Financials
ADRO,ADURO BIOTECH CVR,Health Care
GNLN,GREENLANE HOLDINGS INC CLASS A,Consumer Discretionary
WLLAW,WHITING PETROLEUM EQUITY WARRANTS,Energy
MDVL,MEDAVAIL HOLDINGS INC,Consumer Staples
FBRX,FORTE BIOSCIENCES INC,Health Care
HMPT,HOME POINT CAPITAL INC,Financials
DMS,DIGITAL MEDIA SOLUTIONS INC CLASS,Communication
WLLBW,WHITING PETROLEUM EQUITY WARRANTS,Energy
GBL,GAMCO INVESTORS INC,Financials
PDLI,PDL BIOPHARMA INC,Health Care
GTXI,GTXI INC - CVR,Health Care
P5N994,Petrocorp Inc Escrow,Financials
RTYZ1,RUSSELL 2000 EMINI CME DEC 21,Cash and/or Derivatives
 ,,
